#{"t_start": 1619618739.0488622, "env_id": null}
r,l,t
-5866.97,60,0.986221
-5876.69,60,1.100246
-5896.24,60,1.213273
-5916.16,60,1.318296
-5852.22,60,1.421337
-5978.42,60,1.533346
-6125.46,60,1.657372
-5890.12,60,1.772397
-6058.65,60,1.87442
-5977.83,60,1.966441
-6138.6,60,2.044458
-5926.53,60,2.14049
-5977.68,60,2.2315
-5983.4,60,2.314518
-6235.9,60,2.411551
-6159.43,60,2.49756
-6079.8,60,2.885648
-5987.07,60,3.050607
-5974.74,60,3.206411
-6085.25,60,3.358445
-6058.57,60,3.50948
-5976.5,60,3.656513
-5963.07,60,3.802546
-6145.01,60,3.946578
-6045.53,60,4.091611
-6078.07,60,4.236643
-5925.73,60,4.383677
-6042.36,60,4.527709
-5754.87,60,4.674742
-5901.24,60,4.814774
-5863.41,60,4.963807
-5843.16,60,5.105839
-5948.53,60,5.24587
-5977.82,60,5.397904
-5966.37,60,5.537936
-5989.88,60,5.678968
-5949.49,60,5.815999
-6051.46,60,5.95403
-5860.22,60,6.091061
-5784.05,60,6.229092
-6032.2,60,6.366297
-5947.57,60,6.504613
-5969.21,60,6.6416
-5945.36,60,6.778632
-5905.69,60,6.91379
-5946.24,60,7.051798
-5754.84,60,7.193807
-6120.43,60,7.333795
-5962.78,60,7.473827
-6045.44,60,7.619792
-5887.81,60,7.777829
-5945.31,60,7.918859
-5766.47,60,8.055799
-6007.29,60,8.193787
-5954.8,60,8.33302
-5922.92,60,8.46905
-5977.06,60,8.606132
-6032.23,60,8.743162
-5896.4,60,8.881193
-5959.14,60,9.018224
-6024.29,60,9.158256
-5775.58,60,9.296287
-5837.19,60,9.436318
-5984.18,60,9.574348
-5885.68,60,9.715381
-5883.79,60,9.848411
-5879.71,60,10.002445
-5829.25,60,10.137476
-6030.12,60,10.272507
-5872.05,60,10.407537
-5740.5,60,10.540567
-5794.06,60,10.674597
-5873.98,60,10.806627
-6016.07,60,10.937657
-5833.04,60,11.068686
-5829.87,60,11.202716
-5861.68,60,11.334747
-5708.61,60,11.467776
-5842.59,60,11.600806
-5796.44,60,11.733836
-5918.48,60,11.871867
-5926.41,60,12.004897
-5876.52,60,12.138927
-6007.32,60,12.28596
-5814.79,60,12.422992
-5913.24,60,12.556022
-5919.56,60,12.690052
-5916.44,60,12.826082
-5894.29,60,12.960112
-5917.18,60,13.096142
-6029.7,60,13.232173
-5926.15,60,13.368204
-5835.7,60,13.502234
-5918.85,60,13.635264
-5871.98,60,13.769294
-6084.39,60,13.900324
-6040.29,60,14.032353
-5935.92,60,14.165384
-5899.09,60,14.297413
-5804.35,60,14.429443
-5992.19,60,14.577477
-5911.71,60,14.710506
-5934.33,60,14.842536
-5925.88,60,14.980567
-5941.08,60,15.114598
-5833.52,60,15.246627
-5870.48,60,15.379656
-5908.37,60,15.514688
-5799.52,60,15.650718
-5942.99,60,15.786749
-5837.2,60,15.92178
-5749.94,60,16.056809
-5804.7,60,16.18984
-5884.52,60,16.32187
-5959.36,60,16.453899
-6003.24,60,16.585929
-5933.32,60,16.734962
-5788.57,60,16.866992
-5778.35,60,17.000022
-5872.93,60,17.134052
-5884.2,60,17.267082
-5854.43,60,17.400112
-5746.75,60,17.533143
-5921.37,60,17.666172
-5747.8,60,17.799202
-5773.18,60,17.930233
-5661.33,60,18.064262
-5737.48,60,18.198292
-5855.83,60,18.333323
-5695.05,60,18.467352
-5831.28,60,18.602384
-5761.94,60,18.738414
-5722.58,60,18.870444
-5770.06,60,19.018476
-5735.72,60,19.157508
-5718.91,60,19.303541
-5886.53,60,19.446573
-5759.85,60,19.578603
-5899.8,60,19.713634
-5841.91,60,19.849664
-5809.64,60,19.986695
-5806.34,60,20.120725
-5718.15,60,20.252755
-5708.04,60,20.385785
-5722.2,60,20.517815
-5649.22,60,20.651844
-5648.97,60,20.784874
-5780.08,60,20.920905
-5699.88,60,21.056936
-5653.58,60,21.193967
-5663.88,60,21.346001
-5639.92,60,21.482032
-5687.64,60,21.616061
-5690.33,60,21.748092
-5668.62,60,21.884122
-5862.09,60,22.017153
-5688.85,60,22.152183
-5728.76,60,22.284213
-5775.45,60,22.416242
-5754.45,60,22.548272
-5606.66,60,22.680302
-5745.43,60,22.814332
-5596.35,60,22.945361
-5631.72,60,23.077391
-5604.62,60,23.211421
-5587.77,60,23.349452
-5637.34,60,23.498486
-5676.3,60,23.635517
-5664.29,60,23.771547
-5741.82,60,23.905577
-5632.09,60,24.039608
-5668.15,60,24.174638
-5682.31,60,24.307668
-5659.34,60,24.442698
-5649.98,60,24.575729
-5762.51,60,24.707758
-5622.16,60,24.840788
-5636.32,60,24.974818
-5647.34,60,25.11685
-5666.65,60,25.24888
-5611.27,60,25.37991
-5607.62,60,25.511939
-5609.65,60,25.644969
-5646.49,60,25.794003
-5581.48,60,25.926033
-5561.4,60,26.059062
-5600.53,60,26.193093
-5637.57,60,26.329123
-5609.61,60,26.464154
-5659.37,60,26.599184
-5670.24,60,26.734214
-5704.54,60,26.869246
-5644.27,60,27.001275
-5625.38,60,27.135305
-5577.6,60,27.267335
-5655.83,60,27.399365
-5657.52,60,27.532394
-5635.17,60,27.667425
-5638.2,60,27.800455
-5680.8,60,27.930485
-5654.88,60,28.078518
-5615.98,60,28.212548
-5603.12,60,28.344578
-5590.97,60,28.477608
-5635.4,60,28.609638
-5622.87,60,28.743668
-5555.56,60,28.877698
-5678.65,60,29.012729
-5610.83,60,29.146758
-5657.03,60,29.280788
-5685.0,60,29.41682
-5642.52,60,29.550849
-5666.95,60,29.684879
-5691.54,60,29.81991
-5710.07,60,29.95394
-5595.71,60,30.089971
-5651.5,60,30.239004
-5695.03,60,30.373035
-5638.31,60,30.506065
-5556.15,60,30.639094
-5491.73,60,30.772124
-5564.87,60,30.904154
-5554.9,60,31.035184
-5531.24,60,31.169214
-5429.87,60,31.301244
-5611.7,60,31.434274
-5729.19,60,31.567304
-5608.4,60,31.704334
-5582.31,60,31.838365
-5677.6,60,31.979397
-5656.3,60,32.114427
-5628.64,60,32.250458
-5620.87,60,32.382488
-5574.16,60,32.531522
-5673.12,60,32.66455
-5675.11,60,32.79758
-5692.1,60,32.92961
-5646.78,60,33.06164
-5565.47,60,33.19467
-5666.51,60,33.325701
-5588.29,60,33.457729
-5627.91,60,33.59076
-5701.06,60,33.723789
-5666.28,60,33.856819
-5695.27,60,33.988849
-5629.71,60,34.120879
-5618.27,60,34.25491
-5639.64,60,34.388939
-5666.01,60,34.52297
-5586.0,60,34.657
-5763.03,60,34.810034
-5571.78,60,34.951066
-5581.12,60,35.0991
-5613.74,60,35.248133
-5661.2,60,35.389164
-5607.97,60,35.522195
-5680.25,60,35.654224
-5581.79,60,35.786254
-5561.15,60,35.919284
-5603.7,60,36.054314
-5600.32,60,36.187344
-5653.2,60,36.321374
-5581.45,60,36.453405
-5741.07,60,36.586434
-5662.9,60,36.719464
-5643.56,60,36.852496
-5648.94,60,37.000528
-5645.77,60,37.136558
-5694.16,60,37.272589
-5607.94,60,37.406619
-5701.83,60,37.553158
-5637.83,60,37.703191
-5766.97,60,37.847224
-5740.49,60,37.993257
-5743.09,60,38.12629
-5682.04,60,38.25832
-5576.39,60,38.391363
-5559.38,60,38.524179
-5661.59,60,38.656209
-5664.12,60,38.788242
-5725.66,60,38.919736
-5683.49,60,39.052916
-5649.15,60,39.187532
-5635.67,60,39.326563
-5620.93,60,39.460594
-5624.06,60,39.596624
-5663.27,60,39.730655
-5608.9,60,39.870686
-5666.9,60,40.007717
-5609.09,60,40.148749
-5570.47,60,40.28578
-5612.92,60,40.41981
-5564.78,60,40.55384
-5729.12,60,40.685869
-5653.19,60,40.8189
-5672.34,60,40.949929
-5620.32,60,41.08296
-5588.82,60,41.216989
-5630.4,60,41.349019
-5675.2,60,41.481048
-5700.2,60,41.62008
-5641.28,60,41.75411
-5685.9,60,41.892953
-5673.86,60,42.024981
-5682.63,60,42.158011
-5805.57,60,42.291042
-5649.69,60,42.425072
-5667.89,60,42.560102
-5708.75,60,42.695316
-5661.91,60,42.832347
-5673.6,60,42.965321
-5679.95,60,43.100205
-5797.19,60,43.233281
-5772.99,60,43.365359
-5726.84,60,43.498382
-5736.5,60,43.633594
-5717.69,60,43.771625
-5758.46,60,43.903781
-5649.4,60,44.03681
-5627.71,60,44.170657
-5662.91,60,44.303782
-5711.75,60,44.435789
-5646.81,60,44.567818
-5685.42,60,44.699848
-5712.79,60,44.831789
-5676.23,60,44.964819
-5830.13,60,45.104783
-5821.47,60,45.239789
-5819.19,60,45.374758
-5743.21,60,45.510782
-5742.88,60,45.646791
-5786.76,60,45.781821
-5808.97,60,45.913797
-5751.3,60,46.049828
-5730.89,60,46.183779
-5743.33,60,46.319239
-5695.03,60,46.450267
-5830.98,60,46.583297
-5675.03,60,46.716328
-5786.77,60,46.849358
-5807.38,60,46.981387
-5684.95,60,47.114417
-5910.48,60,47.246447
-5872.66,60,47.378477
-5714.61,60,47.510506
-5881.28,60,47.644537
-5737.38,60,47.778567
-5763.9,60,47.913597
-5785.84,60,48.048628
-5861.05,60,48.183658
-5718.49,60,48.32369
-5682.39,60,48.458722
-5835.05,60,48.59175
-5752.66,60,48.72378
-5847.19,60,48.855809
-5699.52,60,48.987839
-5896.02,60,49.121869
-5746.31,60,49.253899
-5882.57,60,49.386929
-5867.99,60,49.518958
-5864.08,60,49.653989
-5827.83,60,49.787019
-5925.04,60,49.92405
-5916.65,60,50.05808
-5868.51,60,50.197112
-5870.93,60,50.328141
-5837.03,60,50.466172
-5759.41,60,50.600203
-5982.15,60,50.735234
-5967.02,60,50.871264
-5871.75,60,51.006294
-6002.81,60,51.141324
-5833.59,60,51.273354
-5961.21,60,51.406384
-5853.33,60,51.537414
-5907.89,60,51.670443
-5806.32,60,51.802473
-5810.66,60,51.940505
-5832.25,60,52.073534
-5885.34,60,52.208565
-5914.51,60,52.340595
-5905.63,60,52.473626
-5883.53,60,52.604654
-6053.9,60,52.743686
-6076.14,60,52.875715
-6116.94,60,53.007745
-6112.75,60,53.146777
-6034.6,60,53.280806
-6021.6,60,53.413836
-5991.61,60,53.547866
-6012.35,60,53.683897
-5964.11,60,53.819928
-5917.98,60,53.951957
-5890.01,60,54.083987
-5965.43,60,54.217017
-5946.37,60,54.349047
-5946.01,60,54.481077
-5922.17,60,54.613107
-5887.48,60,54.744136
-5873.32,60,54.875165
-6029.45,60,55.014196
-6037.07,60,55.153229
-5963.08,60,55.284258
-5988.9,60,55.415288
-5944.66,60,55.547317
-5986.87,60,55.682347
-5989.39,60,55.816377
-5906.46,60,55.950408
-5978.22,60,56.084438
-6008.11,60,56.220469
-6055.84,60,56.355499
-6024.21,60,56.489529
-6012.44,60,56.62256
-6026.56,60,56.755589
-6012.63,60,56.888619
-6053.06,60,57.021649
-6015.34,60,57.15868
-6022.29,60,57.29071
-6000.47,60,57.42374
-6093.72,60,57.55677
-6016.23,60,57.6898
-5965.9,60,57.82283
-5960.05,60,57.954859
-6055.67,60,58.087889
-5937.53,60,58.220919
-5930.37,60,58.352949
-6025.47,60,58.484979
-5908.4,60,58.618008
-5927.29,60,58.754039
-5974.44,60,58.88807
-5984.02,60,59.023101
-6063.55,60,59.160131
-5966.99,60,59.29316
-5972.0,60,59.431192
-5990.84,60,59.563222
-6082.03,60,59.696252
-6066.13,60,59.829282
-6038.25,60,59.965312
-6031.96,60,60.102343
-6026.11,60,60.241374
-5998.68,60,60.371404
-6030.71,60,60.505434
-5994.29,60,60.639464
-5922.7,60,60.771493
-6069.67,60,60.902524
-6038.37,60,61.033553
-6042.07,60,61.168583
-6087.22,60,61.301613
-6042.55,60,61.436644
-6076.95,60,61.571674
-6060.02,60,61.712706
-6040.49,60,61.847736
-6095.66,60,61.987767
-6051.25,60,62.119798
-6085.73,60,62.253827
-6061.17,60,62.384857
-6101.96,60,62.516887
-6006.86,60,62.648917
-6055.54,60,62.781947
-5992.48,60,62.913977
-6066.23,60,63.044005
-6024.8,60,63.178036
-6005.34,60,63.309065
-6014.19,60,63.441095
-6008.12,60,63.574125
-6118.28,60,63.707155
-5975.5,60,63.844186
-6108.78,60,63.976216
-6025.76,60,64.112246
-5994.2,60,64.247276
-5994.6,60,64.381307
-6188.67,60,64.516337
-6078.72,60,64.651368
-5993.77,60,64.784397
-5961.99,60,64.914427
-6024.84,60,65.047457
-6066.32,60,65.186489
-6130.34,60,65.319518
-6096.93,60,65.450548
-6004.24,60,65.583577
-6037.23,60,65.715608
-6043.03,60,65.848637
-6064.83,60,65.980676
-6009.36,60,66.117698
-5963.33,60,66.251728
-5950.79,60,66.382759
-6045.99,60,66.516788
-5966.58,60,66.650818
-5906.8,60,66.784849
-5916.17,60,66.918879
-5948.53,60,67.05391
-5980.57,60,67.19094
-5974.59,60,67.32497
-5973.08,60,67.458
-6061.71,60,67.59103
-5942.85,60,67.72506
-5967.27,60,67.85709
-5949.08,60,67.99012
-6072.79,60,68.121149
-6016.48,60,68.254179
-6064.37,60,68.392211
-5991.59,60,68.525241
-5933.79,60,68.65827
-5923.98,60,68.7903
-5961.23,60,68.92333
-5953.58,60,69.05536
-5909.68,60,69.187389
-5967.13,60,69.319419
-5928.19,60,69.452449
-5935.9,60,69.58848
-5960.56,60,69.72251
-5998.84,60,69.85854
-5949.32,60,69.994571
-6001.01,60,70.133603
-5969.27,60,70.271634
-6015.26,60,70.401663
-5992.34,60,70.538694
-5942.44,60,70.670724
-5898.2,60,70.804754
-5905.71,60,70.945786
-5923.25,60,71.078816
-5989.7,60,71.213845
-5926.97,60,71.345876
-5922.59,60,71.477906
-5924.19,60,71.609935
-5894.27,60,71.743965
-5885.49,60,71.879996
-5854.68,60,72.015026
-5891.63,60,72.149056
-5940.87,60,72.284087
-5837.38,60,72.417118
-5901.79,60,72.551147
-5940.98,60,72.685177
-5920.17,60,72.825209
-5922.1,60,72.957238
-5898.59,60,73.090269
-5929.83,60,73.223298
-5831.21,60,73.355328
-5927.01,60,73.486357
-5868.12,60,73.619388
-5869.83,60,73.754418
-5856.64,60,73.887448
-5851.73,60,74.018477
-5872.17,60,74.151507
-5877.7,60,74.282538
-5870.15,60,74.414567
-5856.81,60,74.546597
-5802.35,60,74.680627
-5930.96,60,74.815164
-5865.66,60,74.949198
-5870.29,60,75.089694
-5826.01,60,75.2322
-5851.38,60,75.36623
-5898.68,60,75.501261
-5844.82,60,75.63629
-5907.95,60,75.768321
-5862.02,60,75.904351
-5853.99,60,76.036381
-5813.63,60,76.170411
-5805.05,60,76.304441
-5819.39,60,76.436471
-5836.18,60,76.5695
-5883.19,60,76.700531
-5809.69,60,76.833561
-5876.85,60,76.965591
-5949.83,60,77.09862
-5889.26,60,77.236651
-5849.22,60,77.369681
-5869.23,60,77.504712
-5882.29,60,77.642743
-5866.09,60,77.778773
-5932.02,60,77.915804
-5915.43,60,78.050834
-5880.9,60,78.186865
-5863.27,60,78.318896
-5920.88,60,78.450925
-5925.79,60,78.583955
-5995.0,60,78.715984
-5885.88,60,78.851015
-5942.47,60,78.982044
-5858.68,60,79.115074
-5893.97,60,79.249105
-5847.86,60,79.381311
-5827.16,60,79.519263
-5866.39,60,79.652292
-5820.16,60,79.785803
-5890.68,60,79.919633
-5965.49,60,80.051663
-5852.23,60,80.190575
-5911.7,60,80.329606
-5986.34,60,80.463641
-5833.07,60,80.599672
-5895.38,60,80.734685
-5896.09,60,80.87079
-5862.94,60,81.00582
-5803.39,60,81.13967
-5805.08,60,81.272699
-5910.01,60,81.404799
-5865.24,60,81.537783
-5807.3,60,81.669813
-5849.78,60,81.808844
-5754.68,60,81.947808
-5828.19,60,82.081838
-5845.77,60,82.214778
-5764.87,60,82.347809
-5849.01,60,82.478791
-5814.33,60,82.611822
-5841.26,60,82.744178
-5795.51,60,82.876208
-5773.47,60,83.011238
-5778.78,60,83.147269
-5733.62,60,83.282299
-5743.23,60,83.41733
-5721.28,60,83.55036
-5725.95,60,83.685391
-5775.3,60,83.820421
-5802.49,60,83.957452
-5836.16,60,84.090482
-5801.37,60,84.224512
-5780.97,60,84.357542
-5795.05,60,84.489572
-5754.04,60,84.621601
-5846.05,60,84.755632
-5747.14,60,84.887661
-5782.93,60,85.023692
-5804.27,60,85.156722
-5761.32,60,85.294753
-5686.59,60,85.427783
-5711.84,60,85.561813
-5795.79,60,85.696844
-5787.03,60,85.832874
-5748.62,60,85.967905
-5795.26,60,86.104935
-5847.58,60,86.244967
-5791.69,60,86.377997
-5826.26,60,86.510026
-5884.06,60,86.641057
-5724.61,60,86.774086
-5902.56,60,86.906116
-5879.85,60,87.039146
-5797.26,60,87.173177
-5799.07,60,87.306206
-5805.2,60,87.438236
-5800.01,60,87.571266
-5761.03,60,87.704296
-5829.77,60,87.835325
-5799.43,60,87.967355
-5799.97,60,88.099385
-5836.83,60,88.234415
-5839.34,60,88.368445
-5814.92,60,88.508477
-5863.86,60,88.644508
-5930.4,60,88.780539
-5836.28,60,88.914569
-5902.14,60,89.047598
-5804.87,60,89.180629
-5918.84,60,89.313658
-5790.77,60,89.445688
-5843.04,60,89.579719
-5900.48,60,89.712749
-5939.59,60,89.846778
-5933.5,60,89.977808
-5936.73,60,90.111839
-5882.23,60,90.25087
-5861.61,60,90.390901
-5864.11,60,90.52193
-5825.81,60,90.658962
-5854.77,60,90.790991
-5851.59,60,90.925021
-5825.01,60,91.059052
-5825.36,60,91.195082
-5883.32,60,91.329113
-5869.43,60,91.463143
-5904.66,60,91.599173
-5823.68,60,91.733204
-5888.29,60,91.865233
-5854.03,60,92.001264
-5820.58,60,92.135294
-5967.15,60,92.268324
-5870.91,60,92.399354
-5845.77,60,92.531384
-5842.73,60,92.664413
-5868.68,60,92.795442
-5764.43,60,92.933473
-5877.82,60,93.065504
-5858.33,60,93.199533
-5871.35,60,93.330563
-5851.81,60,93.462594
-5802.46,60,93.602624
-5777.8,60,93.735655
-5793.16,60,93.871685
-5799.12,60,94.007715
-5776.44,60,94.143747
-5920.03,60,94.279777
-5874.33,60,94.411807
-5809.03,60,94.544837
-5785.75,60,94.676867
-5812.92,60,94.808897
-5777.67,60,94.940926
-5733.4,60,95.074956
-5788.59,60,95.214988
-5763.81,60,95.351018
-5783.43,60,95.484048
-5756.43,60,95.616078
-5766.2,60,95.751109
-5839.18,60,95.884139
-5776.85,60,96.015168
-5761.19,60,96.147198
-5805.37,60,96.279227
-5762.53,60,96.414258
-5837.23,60,96.548288
-5967.4,60,96.683319
-5827.44,60,96.81835
-5810.54,60,96.95438
-5752.05,60,97.08841
-5816.92,60,97.22244
-5812.03,60,97.360471
-5858.65,60,97.493502
-5780.47,60,97.627531
-5780.41,60,97.760561
-5796.96,60,97.89059
-5812.24,60,98.027621
-5743.36,60,98.169653
-5790.07,60,98.307684
-5850.46,60,98.439714
-5768.96,60,98.571744
-5855.68,60,98.703774
-5750.15,60,98.835803
-5796.94,60,98.968833
-5757.19,60,99.101864
-5831.6,60,99.237895
-5766.99,60,99.372925
-5862.16,60,99.507956
-5833.86,60,99.652992
-5777.45,60,99.789019
-5784.29,60,99.921048
-5855.01,60,100.053078
-5788.14,60,100.189108
-5769.63,60,100.333142
-5779.98,60,100.46417
-5828.96,60,100.5972
-5799.18,60,100.72923
-5806.95,60,100.86126
-5823.8,60,100.993289
-5744.86,60,101.125319
-5837.27,60,101.257349
-5817.49,60,101.389379
-5802.43,60,101.521409
-5794.7,60,101.657439
-5775.26,60,101.791469
-5812.95,60,101.935502
-5834.28,60,102.072532
-5807.92,60,102.207563
-5759.59,60,102.341593
-5730.23,60,102.475623
-5784.78,60,102.608653
-5796.42,60,102.740684
-5726.59,60,102.873714
-5817.22,60,103.005742
-5733.19,60,103.139773
-5793.81,60,103.271803
-5800.92,60,103.403833
-5837.67,60,103.536863
-5839.57,60,103.670893
-5763.37,60,103.801923
-5706.3,60,103.933953
-5738.87,60,104.076984
-5778.18,60,104.221018
-5747.88,60,104.36905
-5796.01,60,104.516083
-5841.32,60,104.664116
-5695.53,60,104.817152
-5750.86,60,104.966185
-5760.93,60,105.114218
-5764.69,60,105.25825
-5766.64,60,105.408284
-5810.7,60,105.546315
-5766.88,60,105.680345
-5756.58,60,105.812375
-5754.45,60,105.945405
-5774.22,60,106.078435
-5762.66,60,106.212465
-5703.02,60,106.345495
-5756.5,60,106.482526
-5753.08,60,106.616556
-5717.07,60,106.753588
-5753.78,60,106.887617
-5743.36,60,107.019647
-5745.21,60,107.155678
-5794.93,60,107.290708
-5771.09,60,107.425739
-5772.56,60,107.561769
-5841.3,60,107.6998
-5858.36,60,107.833831
-5807.87,60,107.96686
-5760.44,60,108.09789
-5782.57,60,108.23092
-5844.72,60,108.36495
-5796.76,60,108.497981
-5879.27,60,108.63001
-5743.72,60,108.768041
-5833.51,60,108.900072
-5774.28,60,109.030101
-5911.04,60,109.16413
-5803.82,60,109.29616
-5802.33,60,109.438191
-5815.29,60,109.577222
-5848.29,60,109.721256
-5829.35,60,109.856286
-5820.31,60,109.990315
-5827.2,60,110.127348
-5774.03,60,110.269379
-5797.22,60,110.414412
-5826.75,60,110.549442
-5841.86,60,110.681472
-5801.39,60,110.817502
-5859.25,60,110.955534
-5832.35,60,111.088563
-5836.67,60,111.223594
-5820.65,60,111.355623
-5854.78,60,111.490654
-5828.38,60,111.625193
-5912.49,60,111.759226
-5862.87,60,111.905149
-5812.91,60,112.038179
-5911.43,60,112.171209
-5774.16,60,112.303337
-5874.92,60,112.436367
-5851.75,60,112.569426
-5895.22,60,112.704236
-5904.56,60,112.845201
-5835.31,60,112.993235
-5824.96,60,113.130536
-5834.04,60,113.277569
-5813.06,60,113.410599
-5821.2,60,113.54463
-5793.02,60,113.68066
-5863.23,60,113.81469
-5849.24,60,113.94672
-5861.04,60,114.07875
-5835.63,60,114.212779
-5869.75,60,114.34581
-5902.03,60,114.47884
-5902.39,60,114.610869
-5846.19,60,114.7449
-5882.67,60,114.87793
-5837.13,60,115.01396
-5845.11,60,115.14899
-5955.78,60,115.287021
-5886.35,60,115.444057
-5829.58,60,115.585089
-5864.64,60,115.726388
-5846.28,60,115.865419
-5855.28,60,115.997449
-5863.09,60,116.129807
-5811.54,60,116.261836
-5822.1,60,116.395791
-5799.4,60,116.526797
-5895.38,60,116.661739
-5978.45,60,116.79379
-5898.98,60,116.926545
-5902.48,60,117.059669
-5855.4,60,117.203793
-5822.43,60,117.369808
-5775.31,60,117.511839
-5839.2,60,117.65287
-5805.13,60,117.798903
-5831.1,60,117.939935
-5865.15,60,118.082967
-5886.29,60,118.228
-5820.42,60,118.369032
-6120.75,60,118.508064
-6020.41,60,118.654094
-6165.21,60,118.795126
-5956.54,60,118.933156
-5985.69,60,119.072189
-5879.88,60,119.215221
-5863.75,60,119.356252
-5905.94,60,119.494284
-5882.24,60,119.633314
-5857.71,60,119.775346
-5878.29,60,119.916378
-6060.95,60,120.05741
-5897.04,60,120.201442
-5798.36,60,120.350477
-5814.2,60,120.49951
-5844.37,60,120.639541
-5920.95,60,120.784574
-5928.28,60,120.926607
-5884.46,60,121.070639
-5889.27,60,121.214672
-5893.19,60,121.356703
-5956.45,60,121.488732
-5900.85,60,121.622762
-5911.37,60,121.756793
-5839.03,60,121.894825
-5981.19,60,122.027853
-5809.14,60,122.159883
-5876.62,60,122.291914
-5943.7,60,122.425943
-5902.38,60,122.577978
-6110.21,60,122.724011
-6168.0,60,122.868043
-5979.81,60,123.001074
-5927.8,60,123.134104
-6058.18,60,123.273136
-5966.72,60,123.405164
-6020.71,60,123.540195
-6251.59,60,123.678226
-6145.07,60,123.813256
-6152.87,60,123.947287
-6197.94,60,124.082317
-5971.74,60,124.216347
-5983.82,60,124.348377
-6150.89,60,124.479406
-6328.49,60,124.611436
-6292.07,60,124.749467
-6167.9,60,124.882497
-6034.47,60,125.015527
-6091.54,60,125.153558
-6119.23,60,125.286588
-6044.35,60,125.419619
-6167.06,60,125.554649
-6113.45,60,125.688679
-6156.97,60,125.821708
-6162.03,60,125.953738
-6214.12,60,126.087769
-6267.45,60,126.222799
-6349.42,60,126.356829
-6368.88,60,126.49186
-6308.38,60,126.62589
-6253.26,60,126.76192
-5993.39,60,126.89295
-6055.23,60,127.030981
-6079.72,60,127.166011
-6098.23,60,127.299042
-6217.93,60,127.432071
-6135.07,60,127.565102
-6099.29,60,127.699132
-6149.11,60,127.832161
-6016.16,60,127.964191
-6270.04,60,128.095221
-6183.47,60,128.229251
-6237.14,60,128.36128
-6175.36,60,128.494311
-6234.32,60,128.626341
-6253.01,60,128.76037
-6123.55,60,128.896401
-6034.63,60,129.031432
-6195.18,60,129.166462
-6202.4,60,129.307494
-6166.83,60,129.443525
-6276.78,60,129.576555
-6310.02,60,129.710584
-6275.08,60,129.841614
-6228.43,60,129.975644
-6217.19,60,130.119676
-6297.96,60,130.261708
-6203.59,60,130.409742
-6198.96,60,130.556775
-6279.45,60,130.700807
-6325.48,60,130.843841
-6283.86,60,130.985872
-6245.43,60,131.123904
-6316.12,60,131.264935
-6333.74,60,131.403966
-6302.5,60,131.549999
-6253.12,60,131.694033
-6359.5,60,131.839064
-6253.39,60,131.989098
-6275.77,60,132.132131
-6243.73,60,132.270162
-6157.94,60,132.401191
-6239.81,60,132.534221
-6279.78,60,132.66625
-6296.38,60,132.804281
-6284.16,60,132.947314
-6241.32,60,133.089346
-6021.24,60,133.222376
-6082.33,60,133.356406
-6119.79,60,133.488435
-6149.1,60,133.622466
-6178.1,60,133.755496
-6176.03,60,133.893527
-6117.95,60,134.026557
-6287.6,60,134.160587
-6108.92,60,134.295618
-6074.08,60,134.430648
-6041.62,60,134.566679
-6072.31,60,134.700708
-6109.59,60,134.83674
-6116.54,60,134.968769
-6105.89,60,135.1038
-6040.97,60,135.23883
-6214.46,60,135.37186
-6116.71,60,135.509891
-6152.25,60,135.643921
-6341.84,60,135.776952
-6245.3,60,135.908981
-6180.7,60,136.04001
-6039.94,60,136.178041
-6257.47,60,136.311072
-6174.01,60,136.444102
-6422.39,60,136.575131
-6416.85,60,136.708161
-6291.05,60,136.846193
-6273.91,60,136.986224
-6295.48,60,137.122254
-6280.57,60,137.257285
-6389.12,60,137.392315
-6164.88,60,137.526346
-6206.89,60,137.659376
-6164.37,60,137.791405
-6134.71,60,137.923434
-6388.07,60,138.055464
-6273.93,60,138.187494
-6317.96,60,138.324525
-6312.59,60,138.457555
-6298.71,60,138.591586
-6211.8,60,138.724615
-6167.59,60,138.856645
-6094.62,60,138.987675
-6065.46,60,139.120704
-6107.9,60,139.253734
-6016.94,60,139.386765
-5992.12,60,139.519794
-6129.43,60,139.655825
-6190.65,60,139.791856
-6039.95,60,139.926886
-6011.99,60,140.062917
-5978.15,60,140.197947
-6072.32,60,140.331978
-6089.72,60,140.470009
-5967.67,60,140.616041
-6031.1,60,140.748071
-6183.99,60,140.881101
-6190.21,60,141.018133
-6143.02,60,141.153162
-6073.72,60,141.286192
-6013.93,60,141.418222
-6200.98,60,141.550252
-6098.89,60,141.685282
-6217.37,60,141.817312
-6102.1,60,141.955343
-6149.38,60,142.087373
-6084.08,60,142.224403
-6151.01,60,142.358434
-6136.73,60,142.494464
-6276.99,60,142.629495
-6111.06,60,142.763526
-5999.6,60,142.904557
-6087.43,60,143.037587
-6055.78,60,143.171617
-6025.44,60,143.304647
-6087.39,60,143.436677
-6084.35,60,143.568707
-6071.01,60,143.702737
-6136.74,60,143.835767
-5968.65,60,143.968797
-5961.68,60,144.100826
-6038.39,60,144.234856
-6027.95,60,144.367887
-6032.91,60,144.499916
-6051.38,60,144.631946
-5956.84,60,144.764976
-5963.16,60,144.898005
-6058.45,60,145.039038
-6006.88,60,145.176069
-6111.76,60,145.312099
-6005.76,60,145.44713
-6135.27,60,145.588162
-6033.72,60,145.722192
-6041.28,60,145.855222
-6090.45,60,145.988251
-6107.34,60,146.121281
-6112.58,60,146.254312
-6093.47,60,146.386341
-6044.2,60,146.518371
-6038.83,60,146.6494
-6041.77,60,146.78343
-5991.6,60,146.916461
-5988.94,60,147.04849
-6059.46,60,147.182521
-5887.15,60,147.319551
-6072.71,60,147.452582
-5918.61,60,147.587612
-5970.82,60,147.720642
-5994.75,60,147.857182
-6002.37,60,147.99246
-5908.54,60,148.128494
-6011.09,60,148.263539
-5883.67,60,148.398219
-6009.65,60,148.531249
-5970.84,60,148.664278
-5870.79,60,148.796309
-5951.16,60,148.928338
-5867.64,60,149.060368
-6014.7,60,149.195398
-5827.63,60,149.327428
-5829.11,60,149.460458
-5851.66,60,149.600489
-5850.86,60,149.733519
-5923.16,60,149.866549
-5918.62,60,149.998579
-5883.13,60,150.131609
-5954.71,60,150.265639
-5952.76,60,150.398669
-5850.14,60,150.545702
-5992.1,60,150.682733
-5954.15,60,150.818764
-5967.37,60,150.954794
-5856.75,60,151.089825
-5797.74,60,151.223855
-5963.84,60,151.355884
-5900.03,60,151.487915
-5990.07,60,151.620944
-5860.29,60,151.759976
-6007.58,60,151.898007
-5719.53,60,152.032037
-5890.32,60,152.165067
-5926.99,60,152.297097
-5857.74,60,152.430127
-5964.36,60,152.562007
-5861.0,60,152.695036
-5932.49,60,152.828066
-5959.87,60,152.966098
-5930.38,60,153.101127
-5917.03,60,153.236162
-5966.23,60,153.371332
-5919.59,60,153.505401
-6010.59,60,153.641431
-5995.1,60,153.776462
-6026.52,60,153.9094
-6043.98,60,154.047431
-6028.58,60,154.181462
-5825.57,60,154.314492
-5937.31,60,154.446495
-6040.96,60,154.578789
-5882.37,60,154.710818
-6091.83,60,154.843795
-5872.65,60,154.974824
-5943.89,60,155.108854
-6012.22,60,155.240884
-5831.59,60,155.372913
-5859.83,60,155.504943
-5907.98,60,155.645772
-5864.6,60,155.78078
-5881.05,60,155.914788
-5907.86,60,156.048774
-5955.12,60,156.185781
-5962.76,60,156.325763
-5983.28,60,156.465765
-5882.62,60,156.598628
-5820.16,60,156.7327
-5900.37,60,156.864691
-5824.76,60,156.99672
-5891.59,60,157.130014
-5895.73,60,157.264044
-5919.31,60,157.397073
-5968.18,60,157.529103
-5866.82,60,157.663134
-5893.52,60,157.796163
-5881.51,60,157.928193
-5732.76,60,158.061223
-5817.2,60,158.195253
-5881.35,60,158.327283
-5862.27,60,158.466314
-5905.88,60,158.601345
-5836.57,60,158.737375
-5956.05,60,158.872406
-5809.66,60,159.006436
-5939.25,60,159.143467
-5914.94,60,159.277497
-5982.04,60,159.410527
-5847.02,60,159.542557
-5986.95,60,159.676586
-5958.03,60,159.809617
-5866.88,60,159.940646
-5847.48,60,160.072677
-5866.63,60,160.205707
-5932.59,60,160.338736
-5993.14,60,160.470766
-5891.79,60,160.610797
-5818.07,60,160.751829
-5838.57,60,160.883859
-6005.11,60,161.015888
-6043.61,60,161.149918
-5889.29,60,161.283949
-5891.8,60,161.417979
-5990.22,60,161.554009
-5941.44,60,161.690041
-5965.31,60,161.826071
-6049.2,60,161.963103
-5955.57,60,162.095131
-5955.02,60,162.229161
-6075.16,60,162.361192
-5969.91,60,162.493221
-6006.06,60,162.625251
-5982.02,60,162.757281
-5929.28,60,162.890311
-5947.77,60,163.027342
-5977.39,60,163.161372
-5917.38,60,163.295401
-5969.84,60,163.426432
-5929.66,60,163.558462
-6010.42,60,163.690491
-6018.63,60,163.824521
-5925.17,60,163.958551
-5905.21,60,164.093582
-5851.75,60,164.229612
-5914.47,60,164.364643
-5769.18,60,164.499673
-5952.59,60,164.632704
-5931.13,60,164.765733
-5879.07,60,164.897763
-5892.19,60,165.030793
-5941.89,60,165.169824
-5924.18,60,165.302854
-5968.31,60,165.436885
-5912.57,60,165.569914
-5929.12,60,165.708946
-5930.85,60,165.841976
-5905.27,60,165.975006
-5853.09,60,166.108036
-5934.65,60,166.239065
-5823.57,60,166.372095
-5964.39,60,166.506125
-5872.09,60,166.638156
-5875.08,60,166.774186
-5890.66,60,166.907215
-5817.32,60,167.043247
-5813.08,60,167.179276
-5828.85,60,167.312306
-5919.38,60,167.449338
-5979.92,60,167.584368
-5900.74,60,167.717397
-5913.31,60,167.849427
-5903.58,60,167.981458
-5935.86,60,168.113488
-5964.48,60,168.248517
-5960.46,60,168.380547
-5824.08,60,168.512577
-5987.98,60,168.644608
-5917.0,60,168.776636
-6036.46,60,168.907666
-5844.57,60,169.038696
-5954.58,60,169.173726
-5911.51,60,169.306756
-5948.11,60,169.442787
-5905.42,60,169.578817
-5894.68,60,169.719849
-5951.51,60,169.854879
-5828.47,60,169.98791
-5793.56,60,170.12294
-5848.79,60,170.25597
-5980.9,60,170.388
-5956.68,60,170.520029
-5907.34,60,170.664061
-5923.66,60,170.799092
-5862.01,60,170.930122
-5901.97,60,171.062152
-6009.73,60,171.196182
-6016.21,60,171.329212
-6016.63,60,171.463242
-6017.87,60,171.595272
-5976.96,60,171.727301
-5983.58,60,171.866333
-5999.3,60,172.004364
-5904.69,60,172.139394
-5941.7,60,172.277425
-5899.01,60,172.413455
-5976.11,60,172.548486
-5928.39,60,172.683518
-6061.34,60,172.816546
-5939.57,60,172.948577
-6015.65,60,173.080607
-5999.75,60,173.215637
-5997.81,60,173.347667
-5996.48,60,173.479697
-5884.19,60,173.614726
-5975.77,60,173.746757
-5926.67,60,173.879786
-5928.17,60,174.011816
-5874.92,60,174.150847
-5979.33,60,174.283877
-6033.94,60,174.415907
-5884.53,60,174.548937
-5978.33,60,174.680966
-5913.36,60,174.815997
-5965.4,60,174.951028
-5920.33,60,175.086058
-5995.98,60,175.221088
-5972.59,60,175.356119
-6087.77,60,175.490149
-5973.54,60,175.624179
-5976.43,60,175.76221
-5958.59,60,175.89424
-5969.54,60,176.02727
-5945.73,60,176.1593
-6016.15,60,176.290329
-6111.75,60,176.428361
-6055.26,60,176.56039
-6100.82,60,176.693421
-6105.11,60,176.82545
-6032.28,60,176.95748
-6037.57,60,177.09051
-6009.94,60,177.22554
-5908.05,60,177.35957
-5988.74,60,177.495601
-6001.96,60,177.631631
-6090.31,60,177.767662
-5956.89,60,177.901692
-6040.45,60,178.035723
-6034.82,60,178.170753
-5936.35,60,178.302784
-5949.26,60,178.436813
-5934.19,60,178.575844
-6076.46,60,178.707874
-6046.0,60,178.841904
-5991.93,60,178.974934
-6024.78,60,179.106963
-5968.61,60,179.238994
-5954.78,60,179.373024
-6012.15,60,179.505054
-6091.06,60,179.638083
-6039.07,60,179.773115
-6042.16,60,179.905144
-6020.38,60,180.039174
-6085.34,60,180.175205
-5995.7,60,180.312235
-6084.48,60,180.446266
-6125.53,60,180.580295
-6129.49,60,180.725328
-5946.24,60,180.86636
-5989.28,60,180.99839
-6062.25,60,181.13142
-6117.28,60,181.26445
-6161.9,60,181.39648
-6096.28,60,181.53051
-6090.23,60,181.66454
-6079.96,60,181.79657
-6033.71,60,181.9346
-6016.32,60,182.066631
-6107.91,60,182.20066
-6062.01,60,182.342692
-5937.56,60,182.481724
-6058.18,60,182.613754
-6051.21,60,182.748784
-6051.92,60,182.885815
-6125.78,60,183.021846
-5866.85,60,183.163878
-5990.21,60,183.304909
-6045.17,60,183.450942
-5992.96,60,183.588974
-5946.04,60,183.735007
-5995.99,60,183.876038
-6042.91,60,184.008068
-6030.43,60,184.139098
-5948.27,60,184.270127
-5984.52,60,184.402157
-5955.04,60,184.534187
-6036.79,60,184.666216
-6012.65,60,184.798246
-6067.92,60,184.930275
-6002.55,60,185.062305
-5990.08,60,185.197336
-5928.93,60,185.335367
-6003.27,60,185.468397
-5894.3,60,185.603428
-5983.58,60,185.743461
-5963.96,60,185.879489
-5962.98,60,186.01352
-5848.74,60,186.14955
-5960.68,60,186.281219
-5927.22,60,186.414249
-6114.11,60,186.546279
-5940.88,60,186.678188
-5962.67,60,186.810217
-6095.96,60,186.942247
-6044.51,60,187.074278
-5979.4,60,187.209307
-6054.28,60,187.344549
-5957.18,60,187.477885
-6019.61,60,187.617336
-6034.3,60,187.750367
-5937.69,60,187.882396
-5923.2,60,188.014426
-5865.62,60,188.148456
-5947.12,60,188.283487
-6027.29,60,188.418517
-5891.13,60,188.552547
-5919.72,60,188.686578
-5781.35,60,188.823609
-5885.08,60,188.95664
-5958.21,60,189.089669
-5941.96,60,189.222698
-5993.14,60,189.354728
-5895.59,60,189.486758
-5801.55,60,189.619788
-5968.43,60,189.753818
-5897.17,60,189.891849
-5844.89,60,190.025879
-5877.08,60,190.157909
-5836.58,60,190.290939
-5913.31,60,190.422969
-5988.8,60,190.555999
-5917.24,60,190.688948
-5923.87,60,190.834981
-5941.2,60,190.968011
-5955.65,60,191.102041
-5857.78,60,191.237072
-5971.97,60,191.372533
-5914.52,60,191.507563
-5957.39,60,191.641788
-5885.96,60,191.773773
-5840.86,60,191.910782
-5900.91,60,192.049768
-5760.97,60,192.183798
-5897.39,60,192.318828
-5902.72,60,192.44986
-6001.08,60,192.581774
-5831.73,60,192.71488
-5865.93,60,192.845767
-5813.32,60,192.976773
-5793.03,60,193.109671
-5862.88,60,193.242788
-5730.31,60,193.375818
-5832.65,60,193.513849
-5843.54,60,193.649879
-5726.24,60,193.78576
-5753.71,60,193.920783
-5974.93,60,194.054769
-5989.29,60,194.190799
-5863.8,60,194.329831
-5829.03,60,194.463861
-5935.85,60,194.596778
-5838.39,60,194.727808
-5798.29,60,194.85977
-5800.37,60,194.9908
-5828.85,60,195.12383
-5855.1,60,195.255859
-5867.47,60,195.388777
-5787.51,60,195.522807
-5795.4,60,195.655838
-5947.15,60,195.795778
-5875.68,60,195.927784
-5729.36,60,196.059688
-5849.88,60,196.193718
-5939.38,60,196.325785
-5897.82,60,196.462792
-6040.39,60,196.602825
-5944.75,60,196.738787
-5952.86,60,196.873718
-5872.19,60,197.008574
-6054.82,60,197.141796
-5916.43,60,197.273795
-5935.05,60,197.40578
-5915.67,60,197.538786
-6009.22,60,197.67367
-5895.02,60,197.805779
-6044.66,60,197.937786
-5891.72,60,198.068794
-5882.53,60,198.202897
-5975.65,60,198.334787
-6003.13,60,198.466771
-6039.57,60,198.598778
-5899.6,60,198.736809
-5923.94,60,198.87065
-5761.04,60,199.004775
-5908.24,60,199.141805
-5904.58,60,199.277638
-5843.92,60,199.413627
-5931.09,60,199.549723
-5919.28,60,199.685754
-5794.07,60,199.818784
-6010.08,60,199.950726
-5939.74,60,200.083762
-5928.55,60,200.216782
-5914.5,60,200.348767
-5974.31,60,200.480774
-6100.37,60,200.611781
-5931.44,60,200.746789
-5863.17,60,200.889777
-5960.62,60,201.031785
-6035.05,60,201.16673
-5823.33,60,201.298777
-6013.59,60,201.432729
-5891.42,60,201.566738
-6016.27,60,201.700777
-5926.6,60,201.837808
-5840.98,60,201.978773
-5981.73,60,202.114781
-5908.16,60,202.248741
-5979.66,60,202.384771
-5868.37,60,202.515783
-5880.7,60,202.646631
-5978.32,60,202.780665
-5911.86,60,202.913781
-5877.13,60,203.046766
-5987.52,60,203.179796
-5939.74,60,203.318781
-5969.16,60,203.450811
-6137.22,60,203.583841
-5987.86,60,203.715871
-5970.25,60,203.847766
-5992.62,60,203.980772
-5912.4,60,204.112781
-5847.79,60,204.246559
-5839.11,60,204.379589
-6131.46,60,204.51562
-5962.7,60,204.650662
-5948.8,60,204.784693
-5934.18,60,204.919723
-5789.12,60,205.055666
-5853.58,60,205.188695
-5856.48,60,205.321726
-5904.58,60,205.46079
-5819.46,60,205.59482
-5892.63,60,205.728783
-5880.84,60,205.86677
-5917.84,60,205.998778
-5883.69,60,206.131808
-5752.2,60,206.264681
-5833.58,60,206.396777
-5881.65,60,206.527806
-5819.93,60,206.660761
-5780.43,60,206.79379
-5862.38,60,206.926784
-5922.68,60,207.060791
-5782.91,60,207.196777
-5760.77,60,207.332808
-5824.98,60,207.466792
-5979.62,60,207.603823
-5870.71,60,207.745764
-5948.83,60,207.878794
-5906.03,60,208.010824
-5853.62,60,208.143763
-5839.5,60,208.276772
-5927.3,60,208.40878
-5930.02,60,208.540787
-5769.28,60,208.672727
-5966.23,60,208.805779
-5877.8,60,208.936809
-5857.79,60,209.069771
-5916.13,60,209.204781
-6005.28,60,209.337624
-5866.84,60,209.469766
-5860.28,60,209.602796
-5864.51,60,209.735785
-5869.16,60,209.86977
-5915.27,60,210.010778
-5977.9,60,210.14681
-5944.74,60,210.281773
-5941.48,60,210.41578
-5916.46,60,210.54881
-5916.68,60,210.68084
-5913.41,60,210.819871
-5808.69,60,210.956789
-5719.81,60,211.088819
-5823.65,60,211.223775
-5950.82,60,211.355805
-5900.21,60,211.488774
-5892.32,60,211.621782
-5810.2,60,211.753934
-5877.92,60,211.891965
-5819.01,60,212.025996
-5812.43,60,212.164027
-5858.99,60,212.297057
-5980.94,60,212.430086
-5886.66,60,212.564117
-5865.24,60,212.698147
-5899.11,60,212.833178
-5990.57,60,212.967209
-5955.11,60,213.103239
-5789.17,60,213.236268
-5864.94,60,213.367298
-5880.87,60,213.499327
-5852.35,60,213.632357
-5776.22,60,213.766388
-5986.99,60,213.898417
-5804.95,60,214.030447
-5845.12,60,214.163477
-5894.21,60,214.296507
-5897.8,60,214.433538
-5920.18,60,214.566568
-5895.21,60,214.698597
-5895.3,60,214.831628
-5877.54,60,214.964658
-5842.12,60,215.098688
-5918.9,60,215.233718
-5792.17,60,215.367748
-5862.85,60,215.502779
-5930.04,60,215.638809
-5934.31,60,215.77484
-5825.48,60,215.914872
-5871.42,60,216.045901
-5878.99,60,216.178931
-5954.42,60,216.310961
-5727.21,60,216.444991
-5867.26,60,216.577021
-5885.44,60,216.716052
-5856.46,60,216.849082
-5852.8,60,216.983114
-5835.18,60,217.116142
-5809.86,60,217.249172
-5849.36,60,217.381202
-5947.97,60,217.516233
-5933.55,60,217.652263
-5817.6,60,217.787293
-5836.81,60,217.922323
-5895.04,60,218.057354
-5886.88,60,218.193386
-5980.82,60,218.328415
-5932.63,60,218.464446
-5867.82,60,218.598476
-5908.07,60,218.729506
-5902.88,60,218.868536
-5772.48,60,219.000567
-5812.91,60,219.134597
-5883.61,60,219.267627
-5865.13,60,219.399657
-5764.35,60,219.532686
-5864.54,60,219.665716
-5745.92,60,219.798746
-5775.16,60,219.931777
-5931.5,60,220.063806
-5770.91,60,220.196836
-5736.15,60,220.329866
-5818.06,60,220.463897
-5780.35,60,220.595926
-5711.1,60,220.729956
-5718.15,60,220.870988
-5884.36,60,221.014021
-5805.95,60,221.156052
-5702.72,60,221.291083
-5860.01,60,221.426113
-5760.5,60,221.558143
-5791.82,60,221.692173
-5720.07,60,221.824203
-5885.33,60,221.961234
-5805.39,60,222.093264
-5728.97,60,222.226294
-5729.02,60,222.358323
-5795.38,60,222.492353
-5834.46,60,222.624383
-5800.9,60,222.757413
-5802.75,60,222.888442
-5771.07,60,223.019472
-5833.26,60,223.158503
-5746.99,60,223.291533
-5711.35,60,223.433565
-5798.21,60,223.569596
-5807.95,60,223.705626
-5856.1,60,223.840657
-5866.96,60,223.975688
-5800.72,60,224.108717
-5734.78,60,224.240747
-5756.1,60,224.372777
-5723.43,60,224.503806
-5816.13,60,224.636836
-5677.78,60,224.768866
-5774.67,60,224.900896
-5791.69,60,225.033926
-5852.88,60,225.167956
-5871.63,60,225.299986
-5785.4,60,225.434016
