#{"t_start": 1619615257.0356133, "env_id": null}
r,l,t
-4989.9,60,0.849374
-4931.91,60,0.918454
-4940.92,60,0.982277
-5128.63,60,1.053286
-4851.12,60,1.554449
-4995.03,60,1.623463
-5070.61,60,1.684477
-5152.59,60,1.759502
-5079.71,60,1.86551
-4992.62,60,1.920537
-4980.55,60,1.970539
-4999.03,60,2.028551
-5045.36,60,2.124735
-5018.46,60,2.177586
-4989.22,60,2.228737
-5035.24,60,2.28375
-4942.31,60,2.402762
-5070.08,60,2.587804
-5162.39,60,2.681823
-5147.86,60,2.789849
-5131.66,60,2.84587
-5034.34,60,2.951883
-5057.49,60,3.007907
-5102.72,60,3.062919
-4959.88,60,3.121932
-5216.01,60,3.222944
-5073.3,60,3.277967
-5086.33,60,3.33398
-5167.96,60,3.393983
-5230.46,60,3.497006
-4894.15,60,3.553019
-5042.89,60,3.612031
-5053.0,60,3.666046
-5119.1,60,3.727057
-5073.82,60,3.825081
-5045.78,60,3.881092
-5035.69,60,3.938107
-5028.76,60,3.992118
-4974.33,60,4.089156
-5158.47,60,4.151156
-4973.74,60,4.209167
-5132.84,60,4.26318
-5076.19,60,4.365201
-5023.76,60,4.418214
-5011.75,60,4.474236
-4972.62,60,4.526239
-5021.94,60,4.617259
-5070.09,60,4.66928
-5047.08,60,4.722292
-5063.09,60,4.775304
-5071.8,60,4.832317
-5098.86,60,4.923338
-5050.3,60,4.975349
-5008.22,60,5.026351
-5126.13,60,5.07946
-4988.34,60,5.174396
-4999.45,60,5.228577
-5033.54,60,5.279418
-5003.4,60,5.331419
-5134.11,60,5.42344
-4967.47,60,5.479463
-5198.6,60,5.529474
-5095.91,60,5.585478
-5001.99,60,5.638499
-5044.52,60,5.73151
-4969.88,60,5.784647
-5130.97,60,5.841558
-5034.93,60,5.893556
-4995.82,60,5.985577
-4922.76,60,6.037589
-5136.22,60,6.091601
-5051.79,60,6.142613
-4987.34,60,6.234633
-4960.97,60,6.286635
-5104.14,60,6.342647
-5036.74,60,6.393675
-5012.41,60,6.493698
-5016.35,60,6.553711
-4978.0,60,6.616712
-4861.8,60,6.686727
-4960.55,60,6.756742
-5017.38,60,6.876771
-4899.54,60,6.9348
-4962.1,60,7.011918
-5053.42,60,7.078816
-4950.83,60,7.217862
-5043.07,60,7.290878
-4882.79,60,7.364878
-5092.91,60,7.428909
-4951.74,60,7.542019
-5087.33,60,7.621065
-4951.57,60,7.683966
-4980.9,60,7.754968
-4860.96,60,7.852988
-5048.21,60,7.911017
-4931.08,60,7.974018
-4928.66,60,8.041047
-4844.82,60,8.114047
-4899.59,60,8.236079
-4987.81,60,8.294104
-4893.55,60,8.36812
-4961.42,60,8.428134
-4868.51,60,8.563164
-5045.0,60,8.629179
-5065.59,60,8.695179
-5084.74,60,8.764193
-4968.59,60,8.885237
-5066.64,60,8.946237
-4971.56,60,9.009265
-4983.72,60,9.084282
-4977.5,60,9.198307
-5031.47,60,9.25432
-4939.14,60,9.310333
-5034.16,60,9.368433
-4924.69,60,9.433444
-5229.06,60,9.551387
-4977.14,60,9.620396
-4991.02,60,9.672398
-4852.01,60,9.723419
-4942.85,60,9.817441
-5005.21,60,9.870452
-5058.3,60,9.922453
-4995.03,60,9.973478
-5092.28,60,10.070688
-5093.4,60,10.123509
-5074.75,60,10.174521
-5109.14,60,10.225532
-5028.85,60,10.276534
-4881.18,60,10.369554
-5029.0,60,10.420576
-5010.36,60,10.472588
-5027.11,60,10.5246
-4904.34,60,10.618646
-5005.95,60,10.679624
-5139.73,60,10.738637
-4955.87,60,10.79266
-4968.58,60,10.886672
-4867.85,60,10.937693
-4935.36,60,10.990705
-4913.49,60,11.040716
-4898.8,60,11.153748
-4987.32,60,11.213745
-4962.31,60,11.274775
-4932.86,60,11.34179
-4944.34,60,11.40479
-4968.2,60,11.51983
-4924.88,60,11.586831
-4804.17,60,11.653861
-4915.97,60,11.718875
-5046.44,60,11.826886
-5127.63,60,11.913909
-5083.11,60,11.979934
-5179.48,60,12.044949
-4936.82,60,12.160975
-5021.9,60,12.226976
-5022.3,60,12.294005
-4990.23,60,12.361022
-4992.93,60,12.480242
-5029.21,60,12.537047
-5005.71,60,12.605075
-4982.58,60,12.668075
-5092.0,60,12.731089
-5164.64,60,12.861117
-4929.03,60,12.924132
-5095.15,60,12.988145
-4935.38,60,13.058177
-5058.98,60,13.181205
-5292.04,60,13.243203
-5170.24,60,13.303216
-5080.5,60,13.370247
-4995.18,60,13.495275
-5015.04,60,13.547274
-5020.37,60,13.617288
-4975.21,60,13.680513
-5135.32,60,13.799344
-5069.0,60,13.867345
-5167.91,60,13.930373
-5082.29,60,13.992387
-4936.51,60,14.067389
-4970.83,60,14.189415
-4984.34,60,14.245556
-5002.96,60,14.312459
-5013.11,60,14.377459
-5026.48,60,14.498501
-4937.04,60,14.550513
-4973.76,60,14.600511
-4921.84,60,14.663522
-4827.33,60,14.754552
-5071.59,60,14.804564
-4909.22,60,14.855566
-5028.22,60,14.907587
-5070.92,60,14.9656
-5052.88,60,15.085634
-4994.22,60,15.15865
-4958.14,60,15.217649
-5052.01,60,15.287664
-5045.65,60,15.405706
-4890.29,60,15.464719
-4819.14,60,15.520716
-4961.44,60,15.598737
-4960.05,60,15.722762
-4993.13,60,15.782776
-4929.35,60,15.85279
-5076.73,60,15.918821
-4917.9,60,16.054836
-4897.7,60,16.112849
-4961.1,60,16.170878
-4897.46,60,16.225891
-4889.2,60,16.284904
-4845.83,60,16.383909
-5005.44,60,16.43793
-5014.73,60,16.48995
-5060.68,60,16.541962
-5055.73,60,16.634128
-4977.49,60,16.686979
-4895.71,60,16.745992
-5152.52,60,16.819008
-4980.66,60,16.952054
-5113.74,60,17.02307
-5124.93,60,17.092085
-4957.06,60,17.161101
-5034.3,60,17.293298
-4958.76,60,17.347128
-4960.45,60,17.404156
-5084.12,60,17.457153
-4885.81,60,17.520182
-5033.18,60,17.648211
-4962.64,60,17.712225
-4914.13,60,17.779295
-4875.71,60,17.835236
-4913.1,60,17.95428
-4941.62,60,18.009277
-5058.45,60,18.065289
-4896.73,60,18.139322
-4916.23,60,18.276339
-4918.3,60,18.345368
-4968.79,60,18.418493
-4901.56,60,18.484565
-4909.4,60,18.608427
-4826.55,60,18.662439
-5000.86,60,18.725438
-4890.62,60,18.788468
-4928.5,60,18.857468
-4938.57,60,18.977496
-5028.07,60,19.04651
-4972.95,60,19.129529
-4948.22,60,19.193544
-5012.64,60,19.310585
-4926.83,60,19.370599
-4977.57,60,19.439614
-4998.53,60,19.521619
-4888.02,60,19.655647
-4979.23,60,19.709689
-4905.84,60,19.768688
-4920.7,60,19.8197
-4823.29,60,19.876698
-4913.55,60,19.973735
-4952.09,60,20.04275
-4966.61,60,20.097764
-4948.55,60,20.150774
-4932.41,60,20.246782
-4979.28,60,20.299793
-4951.34,60,20.357821
-4929.61,60,20.41682
-4883.33,60,20.53186
-4914.7,60,20.587858
-4982.53,60,20.682894
-5064.74,60,20.744908
-4916.35,60,20.85692
-4906.7,60,20.916933
-4896.53,60,20.976946
-4984.74,60,21.043976
-4895.81,60,21.116979
-4966.17,60,21.236004
-5021.87,60,21.291031
-4949.58,60,21.345026
-4906.94,60,21.413043
-4957.98,60,21.510086
-4950.93,60,21.56708
-4944.65,60,21.624106
-4931.59,60,21.675102
-4954.05,60,21.800146
-4901.04,60,21.856146
-4832.25,60,21.933176
-4964.28,60,21.996178
-4854.02,60,22.134222
-4975.98,60,22.198236
-4931.25,60,22.26325
-4915.91,60,22.326251
-4984.25,60,22.395264
-4972.01,60,22.523309
-4860.89,60,22.585307
-4932.04,60,22.652339
-4910.13,60,22.718548
-4974.64,60,22.834362
-4954.51,60,22.895376
-4904.79,60,22.963408
-4956.55,60,23.040426
-4889.76,60,23.160453
-4903.87,60,23.211448
-4865.19,60,23.28248
-4964.57,60,23.336478
-4958.54,60,23.437501
-4862.76,60,23.496515
-4963.63,60,23.553526
-4935.34,60,23.617541
-4853.67,60,23.675553
-4881.94,60,23.777592
-4929.34,60,23.83059
-4865.22,60,23.888736
-4928.59,60,23.94863
-4852.26,60,24.049638
-4909.69,60,24.114667
-4921.22,60,24.166665
-4864.84,60,24.221692
-4852.01,60,24.319714
-4835.07,60,24.385728
-4852.83,60,24.441849
-4832.48,60,24.498895
-4919.04,60,24.57177
-4934.87,60,24.687782
-4829.14,60,24.74581
-4919.04,60,24.807824
-4968.49,60,24.865837
-4858.83,60,24.993951
-4945.19,60,25.053865
-4902.07,60,25.126066
-4914.09,60,25.184895
-4879.77,60,25.300935
-4894.92,60,25.354947
-4820.88,60,25.423948
-4934.82,60,25.486961
-4932.75,60,25.593992
-5011.27,60,25.658146
-4949.95,60,25.728227
-4962.37,60,25.807034
-4865.45,60,25.871063
-4986.56,60,25.982074
-4971.36,60,26.040085
-4868.55,60,26.094113
-4964.62,60,26.148126
-4966.38,60,26.261153
-4910.45,60,26.31615
-4906.32,60,26.380162
-4962.98,60,26.458179
-4889.24,60,26.581223
-4844.28,60,26.633235
-4892.17,60,26.687232
-5021.51,60,26.757246
-5003.75,60,26.888276
-4956.48,60,26.947291
-4898.6,60,27.002318
-4906.52,60,27.056316
-4982.05,60,27.111327
-4999.17,60,27.205364
-4927.47,60,27.260376
-4909.12,60,27.314388
-5016.39,60,27.371401
-4915.49,60,27.510432
-4989.92,60,27.578435
-5020.94,60,27.640445
-5004.09,60,27.706463
-4876.55,60,27.822503
-4958.78,60,27.885517
-4966.62,60,27.947516
-4932.99,60,28.01263
-4879.45,60,28.13564
-4983.11,60,28.192586
-4872.18,60,28.246595
-4908.16,60,28.306598
-4974.98,60,28.364625
-4912.27,60,28.492654
-4970.39,60,28.551667
-4865.42,60,28.614766
-4924.09,60,28.683854
-4889.71,60,28.803724
-4915.01,60,28.863722
-4961.26,60,28.929752
-4968.93,60,29.004769
-4857.88,60,29.137783
-4943.6,60,29.188793
-4837.12,60,29.239921
-4883.24,60,29.315822
-4977.84,60,29.381846
-4903.82,60,29.483877
-4942.06,60,29.550892
-4971.04,60,29.63091
-4918.21,60,29.697912
-4860.95,60,29.817953
-4955.22,60,29.890954
-4902.04,60,29.959967
-4938.34,60,30.021985
-5020.03,60,30.138024
-4964.12,60,30.19403
-4860.54,60,30.259052
-4923.44,60,30.334068
-4887.54,60,30.463186
-4958.88,60,30.513213
-4882.33,60,30.571122
-4891.51,60,30.623134
-4912.59,60,30.685148
-4892.53,60,30.78317
-4944.17,60,30.837169
-4946.09,60,30.895195
-4984.44,60,30.947192
-4865.74,60,31.047215
-4893.31,60,31.107228
-4948.17,60,31.163954
-4868.25,60,31.218982
-4879.21,60,31.31799
-4918.61,60,31.377027
-4876.84,60,31.432052
-4940.45,60,31.488172
-4976.7,60,31.607182
-4868.0,60,31.661354
-4909.8,60,31.724247
-4867.42,60,31.787945
-4894.71,60,31.844958
-4875.42,60,31.952982
-4859.9,60,32.014999
-4847.97,60,32.065995
-4875.81,60,32.127007
-5064.87,60,32.223027
-4871.62,60,32.27904
-4946.1,60,32.336056
-4907.46,60,32.398067
-4956.6,60,32.514109
-4871.23,60,32.576121
-5045.63,60,32.641122
-4975.87,60,32.709137
-4963.58,60,32.825179
-5168.03,60,32.89518
-5020.45,60,32.96221
-5053.98,60,33.031225
-5072.76,60,33.09524
-4997.55,60,33.207251
-5210.34,60,33.260269
-5189.04,60,33.317276
-4880.74,60,33.382304
-4889.17,60,33.509317
-4991.45,60,33.576334
-5104.0,60,33.637347
-4966.31,60,33.691374
-4969.2,60,33.803484
-4944.96,60,33.860396
-5011.79,60,33.925427
-5125.15,60,33.991441
-4859.74,60,34.053456
-4925.85,60,34.17647
-4942.85,60,34.239498
-4993.39,60,34.314499
-4928.2,60,34.392617
-5021.38,60,34.492554
-4990.59,60,34.553568
-4939.08,60,34.623584
-4842.54,60,34.683598
-4987.76,60,34.802624
-4952.52,60,34.852636
-5236.18,60,34.905648
-4924.62,60,34.95766
-4949.1,60,35.084688
-4871.94,60,35.146687
-4967.1,60,35.216704
-5014.71,60,35.283755
-4934.4,60,35.348755
-4944.82,60,35.460827
-4950.43,60,35.521841
-4948.23,60,35.580854
-4942.64,60,35.642871
-4937.55,60,35.771891
-4978.58,60,35.821918
-4912.6,60,35.874959
-4942.12,60,35.931972
-4960.13,60,36.025008
-4911.07,60,36.08103
-4864.56,60,36.133042
-4869.78,60,36.189054
-4926.29,60,36.316077
-4999.05,60,36.383299
-4993.72,60,36.450131
-4993.01,60,36.539148
-4925.08,60,36.602185
-4908.65,60,36.729223
-4858.5,60,36.792248
-4834.3,60,36.848246
-4881.13,60,36.905284
-4980.16,60,37.027303
-5102.02,60,37.084321
-4890.23,60,37.146336
-5187.64,60,37.20535
-4996.71,60,37.3204
-4925.65,60,37.383423
-4892.7,60,37.451422
-5006.23,60,37.515538
-4938.12,60,37.671502
-4967.98,60,37.727516
-4939.98,60,37.793523
-4992.83,60,37.846538
-4924.47,60,37.902574
-4850.81,60,37.997025
-5127.13,60,38.064055
-5105.43,60,38.120067
-5024.84,60,38.181081
-5081.26,60,38.30911
-4972.94,60,38.362108
-5054.67,60,38.41812
-4946.15,60,38.473243
-4893.74,60,38.573169
-4862.72,60,38.624181
-4889.26,60,38.700184
-4940.99,60,38.769199
-4950.65,60,38.828227
-4981.57,60,38.948254
-4978.97,60,39.002266
-4963.7,60,39.065283
-4943.19,60,39.138282
-4998.22,60,39.275328
-4950.98,60,39.341343
-5005.27,60,39.402356
-4883.32,60,39.471372
-5001.73,60,39.611408
-4905.54,60,39.678403
-5040.02,60,39.750419
-4854.31,60,39.814439
-4903.38,60,39.914472
-4892.18,60,39.971469
-4905.38,60,40.035483
-4847.08,60,40.105515
-4851.63,60,40.17153
-5083.22,60,40.307546
-5005.77,60,40.374576
-4907.04,60,40.441584
-4943.33,60,40.502598
-4867.86,60,40.618615
-5165.75,60,40.681645
-4992.74,60,40.74766
-4904.21,60,40.808673
-5109.54,60,40.925682
-4961.23,60,40.982712
-4906.26,60,41.037725
-4952.7,60,41.091737
-4903.31,60,41.190759
-4936.14,60,41.247773
-4870.16,60,41.302784
-4906.34,60,41.359797
-4872.46,60,41.417794
-5009.71,60,41.517975
-5038.31,60,41.575847
-4986.59,60,41.644862
-5035.14,60,41.709876
-5027.84,60,41.832889
-5178.88,60,41.899919
-5035.17,60,41.965926
-4879.96,60,42.032952
-5043.87,60,42.156961
-4933.67,60,42.208973
-5199.69,60,42.263001
-5092.54,60,42.320014
-5151.14,60,42.422037
-4945.31,60,42.48105
-5087.97,60,42.556054
-4948.08,60,42.622082
-4999.5,60,42.684194
-4877.67,60,42.805123
-4977.33,60,42.863136
-5183.21,60,42.920134
-4903.63,60,42.979162
-5209.96,60,43.07717
-5159.49,60,43.132196
-5078.6,60,43.188209
-5105.6,60,43.247208
-4982.15,60,43.352263
-4878.49,60,43.41126
-5034.16,60,43.473274
-4869.0,60,43.537275
-4896.27,60,43.609304
-5101.3,60,43.743319
-5361.33,60,43.804332
-5111.5,60,43.857345
-5145.04,60,43.912358
-5158.04,60,44.029399
-5067.35,60,44.088396
-5064.75,60,44.162429
-5145.55,60,44.240433
-5101.44,60,44.348456
-4865.0,60,44.398482
-4901.53,60,44.45358
-5069.26,60,44.515493
-5139.16,60,44.635535
-5183.08,60,44.692548
-5126.21,60,44.760564
-5078.22,60,44.826563
-5166.99,60,44.891593
-5124.89,60,45.006604
-5136.01,60,45.065721
-4876.87,60,45.121766
-4929.13,60,45.177643
-5007.07,60,45.294684
-5004.79,60,45.35068
-5124.88,60,45.401708
-4969.96,60,45.483726
-5066.8,60,45.626743
-5035.62,60,45.685851
-4894.0,60,45.753771
-5104.66,60,45.823803
-5047.87,60,45.955833
-4864.91,60,46.015847
-5075.33,60,46.085863
-4961.55,60,46.151877
-4923.41,60,46.222893
-5007.72,60,46.341052
-4918.8,60,46.398933
-5074.62,60,46.463947
-4899.13,60,46.530963
-5020.75,60,46.683997
-4911.36,60,46.752995
-4979.83,60,46.822028
-4956.89,60,46.894047
-4931.33,60,47.019072
-4890.62,60,47.076072
-4794.59,60,47.134083
-4847.33,60,47.198112
-4833.18,60,47.326129
-5026.61,60,47.379153
-4993.26,60,47.439152
-5037.22,60,47.504318
-5029.4,60,47.574181
-4840.93,60,47.694208
-4892.1,60,47.76124
-4961.94,60,47.819253
-4985.76,60,47.887254
-4999.09,60,48.006281
-4925.18,60,48.062309
-4981.49,60,48.127308
-5030.87,60,48.185321
-5015.08,60,48.301361
-4892.95,60,48.355373
-4967.01,60,48.409385
-4964.35,60,48.470383
-4955.07,60,48.539415
-4935.71,60,48.658441
-4919.92,60,48.718455
-4958.59,60,48.78347
-4944.78,60,48.861488
-4911.98,60,48.9765
-5012.61,60,49.039527
-4916.16,60,49.103528
-4920.12,60,49.168557
-4991.94,60,49.297571
-5057.91,60,49.350581
-4965.69,60,49.409611
-4908.02,60,49.458622
-4970.49,60,49.55963
-4946.14,60,49.617658
-5052.86,60,49.673655
-4895.61,60,49.734684
-4972.01,60,49.800699
-4941.49,60,49.916709
-5083.5,60,49.974916
-4978.56,60,50.043754
-4889.08,60,50.112769
-4947.09,60,50.227796
-5037.32,60,50.291795
-4984.23,60,50.359809
-4923.65,60,50.42584
-4949.27,60,50.548852
-5150.72,60,50.614869
-4960.18,60,50.678882
-4946.62,60,50.742911
-5016.53,60,50.87194
-5103.15,60,50.93494
-5045.06,60,51.00297
-5141.85,60,51.066025
-5076.03,60,51.133105
-5000.87,60,51.241007
-5026.6,60,51.29302
-5011.77,60,51.354049
-5039.06,60,51.424048
-4968.04,60,51.531089
-4882.26,60,51.596088
-4906.21,60,51.649111
-5001.41,60,51.700122
-4962.1,60,51.792141
-4887.25,60,51.849154
-5044.15,60,51.899165
-4966.04,60,51.951177
-5024.29,60,52.047189
-5035.81,60,52.09721
-4950.33,60,52.149221
-4901.56,60,52.200222
-4915.69,60,52.251245
-4944.55,60,52.345268
-4949.8,60,52.397278
-4993.16,60,52.448289
-5054.03,60,52.499291
-5092.13,60,52.592321
-4977.17,60,52.643332
-5050.43,60,52.695344
-5045.34,60,52.747357
-4934.53,60,52.841367
-4996.7,60,52.898392
-4949.91,60,52.957392
-4963.66,60,53.021418
-4969.49,60,53.084439
-5019.21,60,53.19645
-4978.67,60,53.255463
-5015.83,60,53.320492
-5008.37,60,53.381505
-4902.43,60,53.504618
-4994.19,60,53.56955
-4884.63,60,53.628546
-5021.16,60,53.699577
-4902.57,60,53.811602
-5007.95,60,53.865614
-4903.14,60,53.918627
-4961.84,60,53.976626
-4972.06,60,54.088665
-4984.21,60,54.14377
-5066.03,60,54.196675
-4985.3,60,54.265691
-4895.4,60,54.319701
-4930.98,60,54.416725
-5049.63,60,54.472751
-4934.73,60,54.532765
-4902.61,60,54.587778
-5020.89,60,54.683783
-4986.79,60,54.739797
-5034.3,60,54.807811
-5007.97,60,54.870841
-4965.24,60,54.988868
-4929.62,60,55.050881
-5011.25,60,55.115897
-4896.56,60,55.184912
-5019.8,60,55.313943
-5015.93,60,55.375093
-4957.52,60,55.433968
-5041.45,60,55.48898
-5017.2,60,55.542992
-5180.26,60,55.65101
-4994.88,60,55.701022
-4995.98,60,55.753033
-5052.46,60,55.804045
-5040.7,60,55.89608
-5064.74,60,55.948077
-5014.76,60,56.001275
-5083.77,60,56.053101
-5033.31,60,56.144121
-5047.85,60,56.196125
-5029.34,60,56.247136
-5034.69,60,56.297145
-5027.67,60,56.39617
-5036.76,60,56.446179
-4959.95,60,56.497191
-4968.75,60,56.550213
-4977.17,60,56.602225
-4989.06,60,56.700246
-4953.03,60,56.752258
-5034.9,60,56.80426
-4972.63,60,56.856272
-4983.3,60,56.948303
-4977.32,60,56.999314
-4996.43,60,57.050327
-5077.1,60,57.101326
-4932.91,60,57.196348
-4973.28,60,57.24837
-5012.61,60,57.299375
-5007.91,60,57.358395
-4970.82,60,57.409407
-4967.79,60,57.501427
-5016.47,60,57.553429
-4970.65,60,57.607451
-4999.56,60,57.658462
-4982.62,60,57.753616
-4975.77,60,57.806485
-5033.72,60,57.859498
-4988.97,60,57.911519
-5200.22,60,58.00254
-4956.77,60,58.054552
-4964.2,60,58.105563
-5068.94,60,58.157575
-4986.08,60,58.250683
-5064.98,60,58.301695
-4981.34,60,58.355768
-4970.97,60,58.412807
-4943.72,60,58.467645
-4993.48,60,58.562655
-4966.66,60,58.614678
-5029.37,60,58.664689
-5117.2,60,58.715701
-4900.17,60,58.821724
-5088.26,60,58.872767
-5019.34,60,58.925738
-4936.43,60,58.978888
-5025.15,60,59.072781
-4964.89,60,59.126783
-4906.8,60,59.177805
-4950.51,60,59.229816
-4893.55,60,59.323827
-4947.38,60,59.37585
-4989.09,60,59.427851
-5178.73,60,59.483961
-4957.36,60,59.535886
-4964.63,60,59.631097
-5027.78,60,59.682908
-4957.64,60,59.732919
-4980.29,60,59.783941
-5040.38,60,59.874962
-4968.45,60,59.923963
-5103.44,60,59.975976
-5145.05,60,60.025987
-5176.22,60,60.121019
-5119.9,60,60.173018
-4988.64,60,60.227031
-4938.6,60,60.285054
-4960.48,60,60.407072
-5064.05,60,60.461083
-5044.5,60,60.521097
-4952.73,60,60.573119
-5180.16,60,60.626122
-5143.55,60,60.718142
-5088.31,60,60.771264
-5106.94,60,60.821359
-5075.78,60,60.874187
-5093.11,60,60.968208
-5055.61,60,61.019219
-5038.09,60,61.074232
-5106.28,60,61.128244
-4945.5,60,61.222775
-4975.39,60,61.275812
-4910.52,60,61.328814
-4971.56,60,61.382829
-4996.48,60,61.437852
-5122.41,60,61.536878
-4972.74,60,61.596897
-4997.57,60,61.648909
-4919.19,60,61.701055
-5109.59,60,61.796963
-4971.41,60,61.847984
-5004.62,60,61.898001
-4965.42,60,61.950012
-5060.53,60,62.043048
-5065.4,60,62.096072
-5015.9,60,62.148076
-5034.09,60,62.199112
-4954.28,60,62.2918
-5228.75,60,62.344822
-5097.09,60,62.400834
-5260.55,60,62.451846
-5112.4,60,62.508859
-5038.29,60,62.600879
-4935.6,60,62.658882
-5012.04,60,62.710907
-5029.09,60,62.765023
-5160.5,60,62.858938
-5147.18,60,62.908949
-5199.77,60,62.96295
-5261.5,60,63.018974
-5041.09,60,63.113986
-5149.82,60,63.165006
-5128.94,60,63.218019
-5114.54,60,63.27102
-5212.19,60,63.360051
-5153.39,60,63.417057
-5106.5,60,63.479084
-5156.06,60,63.543098
-5184.43,60,63.621109
-5267.64,60,63.732134
-5305.39,60,63.787137
-5018.79,60,63.839148
-5005.83,60,63.889159
-5177.92,60,63.982301
-4952.22,60,64.037194
-5063.93,60,64.088214
-5023.95,60,64.141216
-5002.54,60,64.232247
-5178.11,60,64.28625
-5150.62,60,64.339261
-5086.23,60,64.390282
-5094.16,60,64.484304
-4952.73,60,64.539305
-4966.89,60,64.593329
-4961.98,60,64.64633
-4990.94,60,64.710361
-5026.88,60,64.832372
-5002.89,60,64.894387
-5098.66,60,64.960418
-5283.04,60,65.032418
-5218.29,60,65.149444
-4935.05,60,65.200595
-5214.33,60,65.261485
-5084.07,60,65.3285
-5125.9,60,65.460515
-5105.42,60,65.513542
-5170.97,60,65.570541
-5047.82,60,65.623552
-5240.61,60,65.687567
-5037.19,60,65.805775
-5161.33,60,65.863621
-5257.72,60,65.939638
-5105.74,60,66.007654
-5187.91,60,66.150686
-5257.51,60,66.209699
-4972.48,60,66.279715
-5103.18,60,66.343732
-5198.72,60,66.464065
-5277.3,60,66.524164
-5173.23,60,66.589072
-5196.82,60,66.649085
-5273.0,60,66.774116
-5101.22,60,66.826122
-5204.6,60,66.879011
-5287.6,60,66.934024
-5128.41,60,66.986992
-5172.38,60,67.081012
-5043.87,60,67.135039
-5129.17,60,67.188047
-5059.8,60,67.246063
-5135.66,60,67.343097
-5106.99,60,67.396971
-5018.86,60,67.458984
-5171.4,60,67.521976
-5123.03,60,67.64298
-5116.91,60,67.696986
-5016.61,60,67.763016
-5087.18,60,67.831026
-5222.53,60,67.966918
-5214.05,60,68.031031
-5188.15,60,68.095068
-5181.17,60,68.164987
-5123.89,60,68.228932
-5195.24,60,68.339966
-5197.75,60,68.39291
-5013.85,60,68.449923
-5182.59,60,68.524996
-5053.41,60,68.645107
-5054.21,60,68.7
-5034.61,60,68.766862
-5186.54,60,68.823889
-5280.95,60,68.953875
-5133.27,60,69.025877
-5171.37,60,69.093882
-5016.35,60,69.161914
-5160.9,60,69.291935
-5285.45,60,69.350965
-5144.08,60,69.40683
-5212.25,60,69.462842
-5106.53,60,69.518839
-5054.69,60,69.627954
-5234.9,60,69.693068
-5022.41,60,69.760916
-5087.62,60,69.832956
-5018.43,60,69.961809
-5127.46,60,70.026794
-5163.35,60,70.091879
-5064.33,60,70.15294
-4979.15,60,70.278813
-5077.39,60,70.333825
-5225.7,60,70.395759
-5067.1,60,70.452787
-5064.18,60,70.50877
-4892.96,60,70.6128
-5095.33,60,70.664945
-4959.19,60,70.720864
-5118.98,60,70.779878
-4969.38,60,70.878735
-5118.09,60,70.935733
-5095.78,60,70.997717
-5052.38,60,71.048745
-5024.25,60,71.153776
-5086.11,60,71.215788
-5078.82,60,71.27871
-5063.59,60,71.346711
-5103.64,60,71.480695
-4953.81,60,71.534692
-4995.25,60,71.601722
-4992.44,60,71.66472
-5083.2,60,71.74274
-5175.76,60,71.857803
-5006.0,60,71.926666
-5062.58,60,72.005682
-5112.45,60,72.074714
-5015.56,60,72.205637
-4930.88,60,72.274668
-5004.67,60,72.345684
-5111.65,60,72.409699
-5101.27,60,72.533727
-5056.32,60,72.588623
-5024.45,60,72.64172
-5061.16,60,72.707637
-5053.35,60,72.847681
-4954.9,60,72.907678
-5107.51,60,72.964708
-5077.19,60,73.032723
-5150.33,60,73.099746
-4912.63,60,73.218573
-4921.11,60,73.280603
-5045.98,60,73.341617
-5095.3,60,73.409632
-4998.09,60,73.518641
-5009.06,60,73.59766
-5016.31,60,73.669691
-4877.73,60,73.733789
-5013.04,60,73.835751
-4983.73,60,73.895764
-5013.01,60,73.959778
-4988.5,60,74.024792
-5017.61,60,74.148827
-4938.84,60,74.201855
-5054.35,60,74.256853
-5028.33,60,74.317889
-5167.28,60,74.376931
-5047.92,60,74.4761
-5004.35,60,74.539113
-5004.22,60,74.60434
-4898.47,60,74.665149
-5004.26,60,74.787198
-4947.22,60,74.848227
-5106.85,60,74.90325
-4957.28,60,74.958248
-4959.66,60,75.051291
-4972.41,60,75.108312
-4974.79,60,75.163327
-4978.78,60,75.222331
-4918.46,60,75.287356
-5010.61,60,75.401388
-4965.7,60,75.457402
-4991.58,60,75.516423
-5012.56,60,75.577444
-4989.55,60,75.691494
-5050.7,60,75.766565
-4950.7,60,75.83172
-4972.51,60,75.900609
-4965.54,60,76.019636
-4950.75,60,76.084658
-4946.19,60,76.143672
-5019.26,60,76.198886
-4931.5,60,76.295894
-5059.76,60,76.352921
-5116.05,60,76.415921
-4995.47,60,76.478949
-4996.31,60,76.547948
-4969.63,60,76.661976
-5028.97,60,76.729005
-4954.64,60,76.794005
-4970.38,60,76.856021
-4950.86,60,76.952056
-4925.1,60,77.009053
-5052.05,60,77.069082
-4910.19,60,77.136083
-4958.29,60,77.256109
-5002.21,60,77.319138
-4922.73,60,77.374134
-4933.57,60,77.429163
-4952.66,60,77.527171
-4936.97,60,77.589181
-4972.0,60,77.641211
-4958.88,60,77.695223
-4974.45,60,77.756224
-4854.25,60,77.857245
-5001.25,60,77.924275
-4884.81,60,77.99329
-4878.64,60,78.055304
-4990.65,60,78.17033
-4935.4,60,78.220341
-4958.44,60,78.274353
-4962.71,60,78.345459
-4970.77,60,78.474399
-4997.14,60,78.531395
-4934.74,60,78.589425
-4980.66,60,78.653439
-4983.48,60,78.772465
-4927.18,60,78.828478
-4910.74,60,78.895494
-4907.67,60,78.958508
-4963.83,60,79.028685
-4992.11,60,79.14455
-5067.47,60,79.197547
-4932.23,60,79.253574
-4845.78,60,79.315588
-4879.61,60,79.445617
-4896.55,60,79.499629
-4902.68,60,79.554626
-5003.86,60,79.618747
-4936.79,60,79.720679
-4890.34,60,79.778692
-4896.6,60,79.850709
-4929.86,60,79.915723
-4916.21,60,79.98574
-4865.45,60,80.099765
-4955.73,60,80.156763
-4943.82,60,80.220792
-4894.22,60,80.292808
-4899.27,60,80.431823
-5013.54,60,80.506843
-4971.19,60,80.573872
-4933.5,60,80.645888
-4915.65,60,80.763917
-4881.37,60,80.816912
-4976.48,60,80.871926
-4896.25,60,80.939954
-4929.36,60,81.071984
-4985.76,60,81.133998
-5013.0,60,81.191996
-5015.02,60,81.250024
-5095.38,60,81.310037
-4935.15,60,81.425047
-4926.57,60,81.480076
-4946.68,60,81.540089
-4945.26,60,81.6181
-4963.2,60,81.750125
-4959.01,60,81.818152
-4976.28,60,81.896156
-4865.41,60,81.960168
-4896.05,60,82.081211
-4922.26,60,82.131206
-4840.01,60,82.188235
-4954.71,60,82.251249
-4963.24,60,82.373277
-4940.0,60,82.430274
-4900.35,60,82.491303
-4983.44,60,82.561322
-4888.0,60,82.630476
-4950.8,60,82.745361
-4946.89,60,82.819362
-4912.14,60,82.888393
-4948.86,60,82.951392
-5052.36,60,83.073435
-5062.26,60,83.132448
-4946.27,60,83.186444
-5001.44,60,83.247459
-4891.65,60,83.368501
-4937.92,60,83.428514
-4960.06,60,83.49553
-4954.68,60,83.576535
-4922.34,60,83.712579
-4941.01,60,83.771575
-4985.1,60,83.830735
-4925.92,60,83.894603
-5017.25,60,83.963619
-4953.18,60,84.104651
-4922.43,60,84.173683
-5050.31,60,84.240698
-4905.14,60,84.306698
-4960.14,60,84.443864
-4970.45,60,84.498739
-4900.95,60,84.552768
-4941.1,60,84.615783
-4976.12,60,84.760815
-4934.46,60,84.833831
-5006.51,60,84.900846
-5028.21,60,84.979867
-4934.92,60,85.041993
-4932.94,60,85.156889
-5027.95,60,85.212916
-5033.5,60,85.267929
-5029.45,60,85.321941
-4844.94,60,85.424964
-4876.35,60,85.482977
-4918.6,60,85.550993
-4898.91,60,85.632127
-4868.41,60,85.754038
-4910.56,60,85.809051
-4971.13,60,85.865063
-4926.67,60,85.919075
-4948.64,60,86.014097
-4989.05,60,86.075111
-4917.52,60,86.141211
-4896.35,60,86.199249
-4915.6,60,86.262312
-5005.99,60,86.374178
-4910.67,60,86.430191
-4951.28,60,86.485186
-4970.54,60,86.5372
-4948.64,60,86.638223
-4864.68,60,86.702238
-4975.52,60,86.768251
-4979.62,60,86.831267
-4839.44,60,86.945307
-4906.06,60,87.00232
-4974.27,60,87.054315
-5004.39,60,87.11033
-4943.49,60,87.206352
-5084.65,60,87.258377
-4922.98,60,87.320376
-4943.99,60,87.382492
-4946.77,60,87.447405
-5073.56,60,87.572434
-5027.56,60,87.632462
-5073.8,60,87.684473
-4952.46,60,87.742471
-4890.24,60,87.859495
-4868.53,60,87.91651
-4907.59,60,87.969521
-4927.31,60,88.026534
-4934.68,60,88.140569
-4865.92,60,88.194582
-4857.56,60,88.257588
-4930.77,60,88.3186
-4810.22,60,88.447629
-4860.86,60,88.502641
-4930.39,60,88.573657
-4876.99,60,88.639688
-4859.32,60,88.711705
-4859.04,60,88.825731
-4907.53,60,88.891745
-4900.51,60,88.961761
-4894.65,60,89.021775
-5064.39,60,89.154805
-4958.05,60,89.216805
-4839.74,60,89.279016
-5098.11,60,89.342847
-4962.63,60,89.460867
-4835.08,60,89.511878
-4948.54,60,89.573882
-4966.17,60,89.626894
-4879.79,60,89.677916
-4969.47,60,89.775929
-4929.26,60,89.828095
-4881.78,60,89.87904
-4932.56,60,89.930962
-4840.49,60,90.024994
-4854.08,60,90.075997
-5018.85,60,90.128017
-4935.94,60,90.179029
-4886.77,60,90.271049
-4910.12,60,90.324061
-4986.59,60,90.376074
-4901.04,60,90.429219
-4884.8,60,90.522095
-4965.19,60,90.574118
-4902.8,60,90.625129
-4917.2,60,90.67514
-4860.88,60,90.727141
-4941.83,60,90.823174
-4947.04,60,90.876177
-4901.36,60,90.928188
-4927.69,60,90.979211
-4946.1,60,91.072352
-4894.94,60,91.126232
-4854.28,60,91.178244
-4985.44,60,91.230265
-4956.72,60,91.321286
-4917.97,60,91.372298
-4910.53,60,91.424309
-5001.73,60,91.476312
-4893.45,60,91.56833
-4959.75,60,91.62147
-4885.56,60,91.673355
-4797.33,60,91.728378
-4880.52,60,91.78238
-4962.28,60,91.879412
-4923.19,60,91.931423
-4860.74,60,91.981435
-4916.19,60,92.033446
-4869.18,60,92.126457
-4904.03,60,92.177481
-4980.36,60,92.228492
-4949.82,60,92.281492
-4843.75,60,92.375524
-4993.6,60,92.428535
-4897.7,60,92.479547
-4905.09,60,92.532559
-4890.29,60,92.623579
-4962.45,60,92.673591
-4943.36,60,92.725602
-4883.77,60,92.778616
-4994.23,60,92.837628
-4897.59,60,92.930638
-4907.08,60,92.98166
-4904.49,60,93.033672
-4914.34,60,93.084683
-4862.05,60,93.178705
-4952.29,60,93.231716
-4822.54,60,93.289729
-4847.67,60,93.358737
-4914.36,60,93.498783
-4869.07,60,93.5738
-4859.99,60,93.636799
-4878.88,60,93.702829
-4944.11,60,93.770829
-4977.72,60,93.887871
-4862.56,60,93.948884
-4915.31,60,94.003882
-5014.07,60,94.085078
-4987.77,60,94.220946
-4920.84,60,94.287962
-4833.48,60,94.351959
-4887.68,60,94.423991
-4881.55,60,94.541018
-4953.56,60,94.59403
-4905.36,60,94.650029
-4934.95,60,94.70323
-4831.45,60,94.82907
-4948.64,60,94.884095
-4890.69,60,94.941108
-4877.9,60,95.002122
-5014.26,60,95.067121
-4984.31,60,95.181162
-4911.24,60,95.234303
-4955.69,60,95.289326
-4928.06,60,95.372205
-4931.81,60,95.48423
-4853.18,60,95.541243
-4982.34,60,95.606244
-4987.79,60,95.658269
-4926.91,60,95.774279
-4900.69,60,95.832311
-4894.45,60,95.886307
-4970.03,60,95.943334
-4941.82,60,96.070362
-5022.52,60,96.123374
-4894.77,60,96.179387
-4865.09,60,96.240385
-4865.66,60,96.305415
-4874.21,60,96.439448
-4942.21,60,96.504623
-5011.09,60,96.581477
-4916.6,60,96.647478
-4884.66,60,96.761518
-4887.33,60,96.818516
-4945.12,60,96.87753
-4835.37,60,96.944559
-4974.3,60,97.061588
-4861.64,60,97.121781
-4955.13,60,97.188614
-4960.73,60,97.255613
-4904.43,60,97.370655
-4957.06,60,97.429653
-4920.65,60,97.497671
-4991.83,60,97.574687
-4943.89,60,97.652852
-5051.95,60,97.787749
-4983.75,60,97.847749
-4976.01,60,97.920779
-4934.34,60,97.990795
-5084.69,60,98.108821
-4908.0,60,98.162833
-4878.59,60,98.222833
-4916.06,60,98.285977
-4932.84,60,98.405874
-4953.77,60,98.460885
-4917.31,60,98.511912
-4996.65,60,98.570926
-4967.22,60,98.638941
-4862.79,60,98.757954
-4950.77,60,98.811982
-4891.38,60,98.86813
-4876.41,60,98.923989
-4930.01,60,99.043032
-4964.99,60,99.101028
-4990.74,60,99.164059
-4943.32,60,99.225073
-4958.88,60,99.351086
-4821.23,60,99.405113
-4938.23,60,99.467113
-4850.63,60,99.519796
-4972.46,60,99.622846
-4986.53,60,99.685878
-4947.76,60,99.754892
-4929.56,60,99.815918
-4919.73,60,99.878953
-4870.6,60,99.998979
-4997.22,60,100.079018
-4879.82,60,100.144049
-5026.87,60,100.215073
-4985.07,60,100.331108
-4957.71,60,100.408134
-4986.51,60,100.472162
-4954.39,60,100.536185
-4991.92,60,100.665252
-4800.89,60,100.720272
-4915.85,60,100.774269
-4882.25,60,100.826303
-5057.46,60,100.919361
-4950.19,60,100.970372
-4909.94,60,101.021406
-4939.26,60,101.081442
-5000.05,60,101.152458
-4949.78,60,101.251475
-5001.15,60,101.314584
-4987.14,60,101.380599
-4891.04,60,101.447612
-4906.55,60,101.568318
-4879.26,60,101.642333
-4859.34,60,101.692454
-4950.43,60,101.747359
-4947.21,60,101.853398
-4986.5,60,101.909396
-4993.06,60,101.971424
-4957.95,60,102.043426
-4834.66,60,102.166454
-4923.86,60,102.221481
-4892.17,60,102.276479
-4921.43,60,102.339507
-4963.17,60,102.402521
-4983.72,60,102.52955
-4891.31,60,102.58855
-4902.21,60,102.656564
-4898.34,60,102.718593
-4984.16,60,102.854708
-4845.52,60,102.925642
-4928.45,60,102.990654
-4954.97,60,103.051668
-4978.68,60,103.186684
-4905.54,60,103.24071
-4933.41,60,103.301717
-4930.21,60,103.354743
-5025.22,60,103.410778
-4963.36,60,103.529863
-4956.34,60,103.593836
-4889.38,60,103.662865
-4984.4,60,103.716885
-4964.05,60,103.82093
-4917.93,60,103.880971
-4926.19,60,103.942971
-4866.57,60,104.010011
-4858.96,60,104.143037
-5073.99,60,104.198173
-4990.13,60,104.257073
-4941.88,60,104.318112
-4911.39,60,104.454152
-5023.93,60,104.511174
-5015.36,60,104.56517
-4893.52,60,104.620208
-5060.56,60,104.672203
-4859.7,60,104.770233
-4929.03,60,104.827258
-4905.44,60,104.892278
-4975.28,60,104.959309
-4931.57,60,105.081353
-4905.0,60,105.139366
-4989.42,60,105.195389
-4902.0,60,105.253402
-4963.05,60,105.369437
-4974.14,60,105.428459
-5005.44,60,105.490472
-4969.13,60,105.565474
-5101.11,60,105.668521
-4886.96,60,105.722551
-4842.36,60,105.783574
-4901.21,60,105.840587
-5007.68,60,105.893878
-4987.4,60,105.998901
-4926.86,60,106.0669
-4962.84,60,106.133932
-4886.09,60,106.198946
-4947.81,60,106.333122
-4970.55,60,106.406978
-4987.31,60,106.47801
-4924.66,60,106.537009
-4874.79,60,106.671052
-4976.65,60,106.73405
-4908.4,60,106.798067
-4938.86,60,106.859079
-4958.94,60,106.993125
-4945.66,60,107.061122
-4927.51,60,107.116137
-4956.35,60,107.168164
-4932.67,60,107.219176
-4915.94,60,107.313197
-5028.3,60,107.365209
-4982.84,60,107.418205
-4921.41,60,107.474325
-4964.64,60,107.574256
-4927.22,60,107.630262
-4919.59,60,107.682264
-4880.8,60,107.740276
-4904.49,60,107.834308
-4897.96,60,107.88631
-4941.73,60,107.938321
-4960.12,60,107.989345
-5021.99,60,108.041357
-4929.55,60,108.134526
-5046.26,60,108.186378
-4991.43,60,108.238399
-4912.11,60,108.290401
-4947.58,60,108.381431
-4867.56,60,108.433433
-5013.78,60,108.484455
-4918.8,60,108.535466
-4948.59,60,108.626477
-4930.78,60,108.677627
-4940.05,60,108.730648
-4859.91,60,108.789523
-4844.16,60,108.878544
-4957.04,60,108.934545
-4951.46,60,108.984567
-4905.57,60,109.035579
-4981.71,60,109.086581
-4918.82,60,109.178602
-4961.02,60,109.230711
-4999.1,60,109.281754
-4936.85,60,109.332767
-4910.03,60,109.423655
-4903.3,60,109.478679
-4891.05,60,109.529679
-4857.62,60,109.581692
-4899.04,60,109.673712
-4973.02,60,109.724734
-4940.93,60,109.776736
-4908.2,60,109.834846
-4900.18,60,109.925921
-4920.83,60,109.978791
-4891.32,60,110.032793
-4883.2,60,110.084805
-4943.71,60,110.136817
-4942.79,60,110.228848
-4888.25,60,110.279859
-4964.95,60,110.331871
-4976.94,60,110.38297
-4941.95,60,110.474992
-4987.85,60,110.526906
-5009.23,60,110.583927
-4892.47,60,110.648949
-4930.28,60,110.778978
-4854.84,60,110.840992
-4939.16,60,110.918009
-4901.9,60,110.993026
-4936.14,60,111.113037
-5023.65,60,111.16905
-4989.34,60,111.220077
-4983.96,60,111.27409
-5022.76,60,111.327087
-4885.16,60,111.425124
-4884.62,60,111.481136
-4907.42,60,111.536136
-4989.22,60,111.597146
-4954.36,60,111.690298
-4890.37,60,111.74218
-4967.58,60,111.798191
-4910.1,60,111.859205
-4978.89,60,111.984235
-4934.9,60,112.052248
-4961.5,60,112.138268
-4922.27,60,112.202298
-4914.53,60,112.264398
-5001.0,60,112.382323
-4904.0,60,112.442338
-4984.96,60,112.511368
-4944.62,60,112.583385
-4860.19,60,112.711399
-4946.73,60,112.765425
-4939.54,60,112.829425
-4996.85,60,112.901459
-4967.45,60,113.002479
-4959.33,60,113.065477
-4936.83,60,113.131508
-4937.7,60,113.194522
-4956.04,60,113.321551
-4851.17,60,113.378565
-5013.83,60,113.441641
-4948.75,60,113.508728
-4976.25,60,113.589594
-4913.48,60,113.707639
-4924.95,60,113.76465
-4909.76,60,113.835667
-4892.82,60,113.900681
-4909.16,60,114.036698
-5038.42,60,114.109713
-4956.91,60,114.174919
-4993.02,60,114.234741
-4862.22,60,114.367787
-4913.2,60,114.4288
-4854.65,60,114.502817
-4895.8,60,114.567815
-4873.27,60,114.697979
-4853.68,60,114.766862
-4845.22,60,114.826875
-4894.91,60,114.885905
-4951.43,60,114.947917
-4885.5,60,115.065929
-4944.34,60,115.125942
-4869.2,60,115.183955
-4948.64,60,115.243984
-4896.81,60,115.345994
-4944.3,60,115.40202
-5071.52,60,115.461033
-4852.7,60,115.514045
-4875.76,60,115.623069
-4904.21,60,115.681083
-5071.83,60,115.74508
-5008.41,60,115.810111
-4938.92,60,115.932122
-4983.3,60,115.995153
-4814.41,60,116.059167
-4931.76,60,116.127168
-4986.13,60,116.193198
-4946.59,60,116.325211
-4891.49,60,116.385241
-4878.35,60,116.449255
-4967.11,60,116.519256
-4991.78,60,116.649284
-4971.51,60,116.7193
-4968.5,60,116.785315
-5020.49,60,116.841344
-4958.39,60,116.940366
-4884.42,60,116.998364
-4956.82,60,117.051476
-4920.42,60,117.131394
-4959.03,60,117.186407
-4942.61,60,117.287445
-4897.34,60,117.344457
-5018.22,60,117.40347
-4914.34,60,117.472486
-4984.74,60,117.5965
-4999.12,60,117.650526
-4984.98,60,117.705521
-4993.76,60,117.77171
-5013.95,60,117.880578
-4959.46,60,117.939591
-4957.37,60,118.002605
-4901.55,60,118.071621
-5052.61,60,118.193632
-4901.46,60,118.251662
-4946.75,60,118.310771
-4835.85,60,118.377676
-4957.39,60,118.450706
-5063.78,60,118.561731
-5030.89,60,118.616729
-4973.8,60,118.674757
-4899.57,60,118.728753
-4912.16,60,118.826776
-4974.34,60,118.882806
-4942.5,60,118.936801
-4971.0,60,118.989828
-4901.39,60,119.108855
-5009.98,60,119.169868
-4941.32,60,119.230882
-5014.43,60,119.299882
-4947.28,60,119.415913
-4999.67,60,119.47092
-4971.79,60,119.528084
-4940.84,60,119.603966
-4971.14,60,119.66798
-4927.95,60,119.795009
-4938.1,60,119.860008
-4961.77,60,119.929024
-4976.64,60,119.993054
-4838.79,60,120.121085
-4900.82,60,120.180236
-4936.32,60,120.240095
-4966.47,60,120.303124
-4939.48,60,120.426138
-4941.08,60,120.484148
-4904.16,60,120.544178
-4909.05,60,120.610177
-4942.05,60,120.734221
-4868.14,60,120.787218
-5017.31,60,120.845246
-4954.63,60,120.906246
-4946.22,60,120.975275
-4907.71,60,121.084284
-4943.4,60,121.146299
-4950.42,60,121.202326
-5085.27,60,121.260339
-4929.6,60,121.384478
-4943.39,60,121.446367
-4894.42,60,121.516384
-4982.59,60,121.588399
-5060.01,60,121.707441
-4925.2,60,121.763452
-4981.66,60,121.81645
-4832.78,60,121.867476
-4900.19,60,121.919574
-4960.29,60,122.020695
-4902.64,60,122.072522
-4929.32,60,122.13853
-4874.58,60,122.190532
