#{"t_start": 1619618464.0768766, "env_id": null}
r,l,t
-5898.05,60,1.964443
-5961.25,60,2.111477
-5957.97,60,2.25951
-5865.75,60,2.409561
-5972.22,60,2.56658
-5829.3,60,2.716614
-6093.91,60,2.853644
-6012.96,60,2.993676
-5973.49,60,3.142709
-6139.4,60,3.28374
-5910.44,60,3.434774
-6039.68,60,3.578825
-6116.27,60,3.716838
-5989.26,60,3.831865
-5939.88,60,3.933889
-5909.12,60,4.03591
-6024.01,60,4.194947
-6042.52,60,4.303969
-5917.38,60,4.413995
-6000.99,60,4.547024
-5936.92,60,4.66105
-6123.6,60,4.769074
-6095.36,60,4.865095
-6116.41,60,4.978121
-6067.64,60,5.064142
-6129.51,60,5.176166
-5995.95,60,5.275188
-5967.55,60,5.382212
-6061.12,60,5.474234
-6032.31,60,5.583266
-6119.98,60,5.68128
-5999.81,60,5.790304
-5962.94,60,5.903329
-6017.48,60,6.017355
-5997.41,60,6.126381
-6055.88,60,6.233403
-6006.38,60,6.330426
-6099.79,60,6.43845
-5986.59,60,6.536471
-5970.99,60,6.629493
-5943.64,60,6.739518
-5922.94,60,6.841541
-6074.12,60,6.941563
-5922.94,60,7.040586
-6057.37,60,7.156611
-5971.18,60,7.254634
-6068.84,60,7.352665
-6090.01,60,7.443676
-6011.56,60,7.5487
-6067.94,60,7.63172
-6119.25,60,7.718738
-6091.83,60,7.822763
-6255.96,60,7.918784
-6174.97,60,8.018806
-6050.82,60,8.112836
-6100.47,60,8.227853
-6077.26,60,8.308871
-6111.08,60,8.395892
-5998.61,60,8.494914
-6123.23,60,8.588935
-6134.0,60,8.691958
-6158.62,60,8.797982
-6010.05,60,8.902005
-6025.5,60,8.990025
-6196.07,60,9.095049
-6208.45,60,9.195071
-6055.62,60,9.296093
-6157.15,60,9.401118
-5976.28,60,9.490138
-6062.42,60,9.58916
-6087.53,60,9.689191
-6123.39,60,9.789205
-6145.34,60,9.886227
-5858.73,60,9.973246
-5989.41,60,10.070268
-5922.99,60,10.172291
-5973.21,60,10.266312
-6246.22,60,10.373336
-6037.01,60,10.469358
-6090.21,60,10.549376
-6015.99,60,10.652399
-6175.86,60,10.751422
-6032.56,60,10.851444
-6093.54,60,10.940464
-6043.3,60,11.028484
-6024.67,60,11.130507
-5989.44,60,11.235531
-6095.92,60,11.329552
-6104.67,60,11.434575
-6064.05,60,11.523596
-6084.71,60,11.612616
-6074.34,60,11.711638
-6108.19,60,11.805668
-5990.38,60,11.908692
-6003.35,60,12.003703
-5994.76,60,12.105727
-5899.01,60,12.20575
-6163.0,60,12.310773
-6096.95,60,12.405795
-6126.04,60,12.493814
-6264.24,60,12.592837
-6103.46,60,12.691859
-6120.28,60,12.78888
-6048.86,60,12.882902
-6210.69,60,12.980924
-6052.72,60,13.073945
-6053.57,60,13.171968
-6110.57,60,13.268989
-5976.83,60,13.390016
-6012.35,60,13.50004
-6008.64,60,13.595063
-5934.66,60,13.687083
-5929.16,60,13.786105
-6204.55,60,13.890128
-6087.41,60,13.97915
-6232.55,60,14.069169
-6096.97,60,14.171192
-5926.04,60,14.270214
-5941.77,60,14.365236
-6161.15,60,14.462258
-6088.52,60,14.558279
-6057.95,60,14.6513
-6099.29,60,14.749323
-6101.66,60,14.839343
-5987.34,60,14.935365
-6036.28,60,15.031385
-6105.68,60,15.126407
-6125.92,60,15.226431
-6023.66,60,15.330453
-6059.8,60,15.426474
-6006.52,60,15.513495
-6012.86,60,15.60452
-5938.81,60,15.691535
-6059.42,60,15.793557
-5917.44,60,15.877576
-6052.59,60,15.971597
-6037.14,60,16.073621
-6091.24,60,16.15964
-6079.67,60,16.255661
-5845.0,60,16.354684
-6084.22,60,16.449705
-6046.82,60,16.554728
-5909.63,60,16.662753
-6061.09,60,16.760776
-6021.13,60,16.859797
-5954.67,60,16.964821
-6182.63,60,17.058843
-6055.36,60,17.148863
-6032.98,60,17.234884
-6090.69,60,17.324903
-6084.61,60,17.432927
-6080.62,60,17.520947
-5837.75,60,17.629971
-5945.45,60,17.725992
-6051.3,60,17.823014
-5954.83,60,17.930048
-6027.54,60,18.031061
-5929.16,60,18.128083
-5980.45,60,18.227106
-5973.58,60,18.324128
-6028.53,60,18.435152
-5979.42,60,18.533175
-6004.15,60,18.631196
-6031.82,60,18.710215
-5968.93,60,18.804236
-6114.16,60,18.900257
-5891.64,60,18.99928
-6179.65,60,19.098302
-6123.42,60,19.203326
-6065.11,60,19.285344
-6002.11,60,19.374364
-5934.17,60,19.472386
-6083.87,60,19.57641
-5926.1,60,19.679433
-6128.31,60,19.768452
-6123.32,60,19.855472
-6113.3,60,19.950494
-5990.36,60,20.037513
-5996.92,60,20.146538
-6222.01,60,20.240559
-6011.92,60,20.341582
-5989.41,60,20.438604
-6004.47,60,20.544627
-5981.75,60,20.647651
-5993.14,60,20.740672
-6235.05,60,20.839694
-6231.57,60,20.927714
-6214.81,60,21.028737
-6168.15,60,21.123758
-6014.62,60,21.22178
-6197.0,60,21.317802
-5989.93,60,21.418824
-6082.63,60,21.516847
-6166.2,60,21.600865
-6098.21,60,21.689886
-6136.63,60,21.783916
-6335.07,60,21.881929
-6028.13,60,21.986962
-6062.26,60,22.080973
-6017.74,60,22.180997
-6219.62,60,22.28402
-5948.7,60,22.383041
-6008.89,60,22.483064
-6241.17,60,22.579086
-6058.48,60,22.677109
-6121.06,60,22.773129
-6084.74,60,22.887155
-6113.97,60,22.976176
-6153.22,60,23.086201
-6052.12,60,23.184222
-6190.16,60,23.289245
-5968.01,60,23.393269
-6267.14,60,23.480289
-6241.42,60,23.57831
-6034.7,60,23.679333
-6005.72,60,23.768354
-6029.98,60,23.875378
-5889.21,60,23.963398
-5998.25,60,24.06242
-6064.58,60,24.170444
-5981.98,60,24.27547
-6113.93,60,24.37349
-5963.55,60,24.46251
-5877.58,60,24.560532
-6103.13,60,24.656554
-5975.34,60,24.751575
-5977.94,60,24.846597
-5979.46,60,24.954622
-5977.58,60,25.050643
-6244.15,60,25.145664
-6047.39,60,25.24221
-5987.32,60,25.333225
-6014.33,60,25.433502
-5998.57,60,25.53853
-6058.12,60,25.632226
-6175.05,60,25.727247
-6051.59,60,25.828272
-6058.67,60,25.924293
-6047.76,60,26.006311
-5981.34,60,26.120337
-6140.03,60,26.214358
-6047.83,60,26.31438
-6127.65,60,26.414402
-6065.75,60,26.500422
-6118.58,60,26.606446
-6004.53,60,26.691465
-6156.99,60,26.785486
-6046.46,60,26.882508
-6099.34,60,26.968528
-6047.55,60,27.06755
-6117.47,60,27.167573
-6137.94,60,27.2516
-6132.57,60,27.335611
-6249.16,60,27.426631
-6004.62,60,27.517651
-6243.53,60,27.60267
-6156.32,60,27.698692
-6187.58,60,27.800715
-6287.78,60,27.893736
-6155.83,60,27.994759
-6110.05,60,28.101783
-6098.12,60,28.197805
-6226.09,60,28.290826
-6090.35,60,28.40286
-6180.17,60,28.492871
-6194.69,60,28.592893
-6154.89,60,28.698918
-6119.13,60,28.799941
-6069.73,60,28.896962
-6052.63,60,28.992984
-6199.03,60,29.088005
-6051.16,60,29.186027
-6113.52,60,29.281049
-6149.4,60,29.369068
-6233.01,60,29.462089
-6025.98,60,29.55611
-6135.36,60,29.653414
-6183.37,60,29.751675
-6021.18,60,29.838695
-6208.48,60,29.94772
-6198.89,60,30.03396
-6102.27,60,30.129828
-6089.33,60,30.215147
-6194.11,60,30.31617
-6080.34,60,30.412191
-6242.59,60,30.497211
-6165.26,60,30.58523
-6072.38,60,30.674251
-6162.48,60,30.768281
-6406.08,60,30.855291
-6202.53,60,30.948311
-6052.61,60,31.047344
-6097.94,60,31.131354
-6349.74,60,31.225375
-6168.59,60,31.333399
-6090.85,60,31.436422
-6243.41,60,31.526442
-6222.81,60,31.60646
-6304.78,60,31.694481
-6334.27,60,31.7835
-6059.9,60,31.874521
-6176.67,60,31.969542
-6049.0,60,32.063563
-6232.29,60,32.162585
-6172.22,60,32.254606
-6273.89,60,32.347627
-6110.38,60,32.455651
-6204.01,60,32.545672
-6189.31,60,32.647695
-6277.57,60,32.743717
-6203.0,60,32.844739
-6100.02,60,32.93976
-6321.38,60,33.045785
-6133.07,60,33.141806
-6241.12,60,33.240828
-6162.9,60,33.347854
-6238.29,60,33.458877
-6254.77,60,33.551898
-6304.41,60,33.653922
-6201.28,60,33.751943
-6355.12,60,33.840963
-6277.13,60,33.944988
-6259.1,60,34.040009
-6213.68,60,34.13603
-6356.87,60,34.230051
-6204.6,60,34.317071
-6565.69,60,34.411092
-6230.4,60,34.508114
-6189.73,60,34.603135
-6226.73,60,34.692155
-6340.19,60,34.790178
-6319.25,60,34.883198
-6295.32,60,34.984222
-6435.1,60,35.080243
-6318.8,60,35.174264
-6362.63,60,35.271285
-6223.39,60,35.361306
-6249.59,60,35.447326
-6335.04,60,35.545348
-6371.02,60,35.64337
-6534.87,60,35.743392
-6229.09,60,35.839413
-6386.6,60,35.935437
-6402.57,60,36.027456
-6299.92,60,36.116476
-6286.47,60,36.219499
-6216.42,60,36.324524
-6244.93,60,36.420545
-6327.3,60,36.514566
-6397.39,60,36.605587
-6410.29,60,36.70561
-6309.66,60,36.802631
-6344.11,60,36.910655
-6247.42,60,37.004676
-6454.36,60,37.099697
-6301.9,60,37.187718
-6106.87,60,37.284739
-6408.78,60,37.381761
-6296.37,60,37.472782
-6308.21,60,37.5558
-6315.84,60,37.648821
-6301.14,60,37.755845
-6236.89,60,37.852867
-6452.97,60,37.961892
-6319.69,60,38.060914
-6344.37,60,38.167939
-6328.61,60,38.261959
-6476.94,60,38.354981
-6463.17,60,38.455004
-6332.88,60,38.561028
-6199.33,60,38.652047
-6264.2,60,38.751069
-6265.91,60,38.830088
-6313.99,60,38.923108
-6476.47,60,39.008128
-6476.14,60,39.098157
-6376.06,60,39.19517
-6278.17,60,39.295193
-6433.92,60,39.392214
-6399.62,60,39.481234
-6465.85,60,39.570255
-6408.85,60,39.665276
-6468.95,60,39.759297
-6471.46,60,39.86032
-6288.67,60,39.963353
-6251.67,60,40.069366
-6420.17,60,40.169389
-6475.38,60,40.271412
-6475.68,60,40.359432
-6311.84,60,40.464458
-6379.31,60,40.568479
-6408.76,60,40.669502
-6476.09,60,40.755521
-6401.47,60,40.856544
-6359.75,60,40.939563
-6549.94,60,41.035584
-6357.3,60,41.123605
-6365.28,60,41.210624
-6520.05,60,41.305645
-6397.63,60,41.394666
-6357.26,60,41.484685
-6371.41,60,41.580707
-6459.69,60,41.679729
-6240.26,60,41.780752
-6560.09,60,41.869772
-6341.49,60,41.967794
-6360.97,60,42.065818
-6418.71,60,42.167839
-6475.29,60,42.273864
-6411.79,60,42.366884
-6320.87,60,42.467906
-6323.91,60,42.56793
-6278.31,60,42.66195
-6416.04,60,42.771975
-6359.13,60,42.863997
-6285.83,60,42.958018
-6407.32,60,43.05504
-6311.91,60,43.151061
-6319.14,60,43.242081
-6487.43,60,43.340104
-6364.66,60,43.442126
-6383.65,60,43.536147
-6317.0,60,43.617166
-6296.45,60,43.720189
-6321.51,60,43.808209
-6289.29,60,43.888227
-6400.88,60,43.990251
-6318.99,60,44.079269
-6493.73,60,44.177292
-6310.04,60,44.282316
-6391.56,60,44.368335
-6365.46,60,44.455356
-6312.35,60,44.547375
-6287.96,60,44.653399
-6332.91,60,44.748421
-6313.7,60,44.850444
-6287.52,60,44.937464
-6342.47,60,45.041487
-6314.25,60,45.135509
-6320.15,60,45.225528
-6500.06,60,45.314548
-6494.17,60,45.41057
-6321.65,60,45.508592
-6392.62,60,45.597612
-6282.66,60,45.690642
-6336.51,60,45.786654
-6368.35,60,45.871674
-6444.21,60,45.967695
-6429.84,60,46.052715
-6442.48,60,46.153737
-6426.91,60,46.265763
-6329.75,60,46.366785
-6375.04,60,46.457806
-6338.34,60,46.560829
-6344.27,60,46.666853
-6360.36,60,46.764876
-6301.65,60,46.854896
-6329.42,60,46.948916
-6319.53,60,47.044938
-6399.92,60,47.134959
-6393.69,60,47.235982
-6400.16,60,47.316
-6427.33,60,47.426025
-6351.42,60,47.528047
-6373.93,60,47.622068
-6390.33,60,47.712089
-6376.91,60,47.817112
-6359.15,60,47.905132
-6449.57,60,48.002154
-6393.06,60,48.090174
-6443.94,60,48.177202
-6396.97,60,48.274216
-6465.1,60,48.372246
-6324.35,60,48.458256
-6456.93,60,48.558279
-6370.66,60,48.6503
-6406.75,60,48.73732
-6382.03,60,48.813345
-6446.92,60,48.912359
-6398.09,60,49.011381
-6369.0,60,49.105402
-6373.17,60,49.199423
-6388.31,60,49.292444
-6543.78,60,49.388466
-6454.53,60,49.473485
-6406.52,60,49.577509
-6424.71,60,49.674531
-6402.84,60,49.76355
-6442.16,60,49.862573
-6516.37,60,49.961596
-6337.22,60,50.051615
-6358.9,60,50.139636
-6413.84,60,50.233656
-6468.62,60,50.320676
-6465.6,60,50.432701
-6356.08,60,50.527727
-6465.19,60,50.622743
-6389.2,60,50.718766
-6556.75,60,50.819798
-6474.18,60,50.917811
-6417.05,60,51.009831
-6558.62,60,51.110853
-6359.94,60,51.199874
-6485.3,60,51.302896
-6474.03,60,51.394919
-6434.88,60,51.486939
-6481.93,60,51.570958
-6431.86,60,51.66998
-6419.12,60,51.761
-6584.57,60,51.855021
-6483.45,60,51.954044
-6380.11,60,52.042064
-6460.81,60,52.146088
-6538.67,60,52.241118
-6544.58,60,52.332129
-6435.76,60,52.421149
-6498.24,60,52.520172
-6476.16,60,52.60119
-6455.96,60,52.700212
-6419.16,60,52.795234
-6538.0,60,52.887254
-6522.2,60,52.990277
-6534.24,60,53.081297
-6551.47,60,53.174319
-6390.88,60,53.257338
-6510.5,60,53.348358
-6641.75,60,53.440379
-6556.88,60,53.529398
-6396.37,60,53.633422
-6505.15,60,53.735446
-6402.85,60,53.837469
-6553.15,60,53.936492
-6443.36,60,54.031512
-6428.54,60,54.137536
-6581.33,60,54.236558
-6565.71,60,54.33258
-6462.6,60,54.433602
-6586.04,60,54.525624
-6580.54,60,54.618644
-6531.3,60,54.718667
-6608.02,60,54.817689
-6507.18,60,54.913711
-6534.85,60,55.008732
-6486.69,60,55.091751
-6501.43,60,55.184772
-6589.7,60,55.288795
-6529.82,60,55.384818
-6526.66,60,55.470836
-6502.95,60,55.562857
-6563.13,60,55.660879
-6420.98,60,55.767903
-6599.65,60,55.859924
-6530.23,60,55.959946
-6410.05,60,56.052967
-6495.03,60,56.15399
-6496.69,60,56.234008
-6501.3,60,56.327028
-6523.81,60,56.427061
-6474.33,60,56.527074
-6466.92,60,56.619095
-6419.57,60,56.720117
-6493.33,60,56.808138
-6455.53,60,56.901158
-6551.12,60,56.990179
-6463.67,60,57.081199
-6486.06,60,57.17722
-6459.9,60,57.287245
-6516.49,60,57.374265
-6453.41,60,57.458284
-6487.19,60,57.550305
-6534.37,60,57.654327
-6458.0,60,57.742348
-6524.02,60,57.838369
-6537.45,60,57.927389
-6472.17,60,58.015409
-6427.25,60,58.119432
-6495.06,60,58.208453
-6536.55,60,58.301473
-6521.73,60,58.394495
-6458.85,60,58.492526
-6415.95,60,58.608543
-6473.91,60,58.692562
-6511.93,60,58.800586
-6515.87,60,58.897608
-6410.09,60,58.99663
-6469.24,60,59.091652
-6442.62,60,59.17367
-6442.01,60,59.268692
-6431.57,60,59.360712
-6383.35,60,59.463186
-6462.41,60,59.558275
-6450.45,60,59.650309
-6498.67,60,59.758336
-6415.21,60,59.859827
-6442.8,60,59.959485
-6386.57,60,60.056515
-6423.86,60,60.149528
-6367.78,60,60.253551
-6434.44,60,60.352573
-6449.79,60,60.435592
-6329.4,60,60.540615
-6398.72,60,60.640638
-6446.2,60,60.74266
-6381.0,60,60.843683
-6361.93,60,60.933704
-6556.56,60,61.030726
-6432.29,60,61.122755
-6390.14,60,61.213767
-6415.47,60,61.315791
-6459.84,60,61.412811
-6346.1,60,61.517835
-6380.84,60,61.601854
-6339.78,60,61.695884
-6367.93,60,61.799899
-6371.13,60,61.903922
-6395.42,60,62.001945
-6327.25,60,62.100966
-6386.31,60,62.20399
-6421.38,60,62.297011
-6321.82,60,62.376028
-6373.37,60,62.47105
-6379.87,60,62.574073
-6330.39,60,62.672095
-6276.84,60,62.772118
-6417.64,60,62.873141
-6315.48,60,62.973175
-6414.3,60,63.06604
-6361.17,60,63.166062
-6317.87,60,63.273086
-6358.9,60,63.357105
-6365.12,60,63.449126
-6362.53,60,63.540147
-6411.13,60,63.636239
-6345.65,60,63.745267
-6455.64,60,63.841292
-6391.38,60,63.930804
-6298.01,60,64.032807
-6353.04,60,64.138758
-6411.65,60,64.250783
-6325.61,60,64.349805
-6372.56,60,64.449828
-6382.2,60,64.541803
-6254.4,60,64.646805
-6344.13,60,64.736801
-6279.85,60,64.831822
-6358.7,60,64.919798
-6354.84,60,65.026676
-6401.31,60,65.113796
-6258.68,60,65.213807
-6358.99,60,65.302818
-6277.72,60,65.398817
-6274.3,60,65.494838
-6304.74,60,65.596862
-6282.67,60,65.692711
-6277.74,60,65.804828
-6261.15,60,65.897824
-6299.98,60,66.007826
-6324.01,60,66.104815
-6293.63,60,66.196815
-6350.13,60,66.285801
-6219.61,60,66.379821
-6311.7,60,66.477738
-6284.6,60,66.566809
-6247.85,60,66.672832
-6301.04,60,66.784858
-6266.13,60,66.883879
-6253.74,60,66.986903
-6372.16,60,67.078811
-6290.99,60,67.168757
-6247.81,60,67.253777
-6255.72,60,67.353806
-6300.05,60,67.441802
-6270.77,60,67.530823
-6267.91,60,67.6338
-6218.25,60,67.738948
-6245.39,60,67.829967
-6269.13,60,67.920997
-6298.77,60,68.01601
-6332.57,60,68.097028
-6288.38,60,68.177987
-6319.31,60,68.277009
-6256.35,60,68.37103
-6314.84,60,68.477055
-6198.63,60,68.578086
-6283.07,60,68.6771
-6291.9,60,68.783123
-6264.68,60,68.873143
-6230.73,60,68.959163
-6299.17,60,69.065187
-6271.54,60,69.157208
-6226.45,60,69.248228
-6261.55,60,69.344251
-6277.12,60,69.441272
-6262.41,60,69.535292
-6266.15,60,69.626313
-6252.5,60,69.723335
-6327.38,60,69.809356
-6307.85,60,69.900375
-6219.14,60,69.999398
-6301.72,60,70.095419
-6241.41,60,70.199442
-6309.41,60,70.295464
-6226.7,60,70.382484
-6230.42,60,70.482506
-6343.3,60,70.572527
-6256.71,60,70.667548
-6243.86,60,70.769576
-6261.92,60,70.851589
-6395.75,60,70.939609
-6220.43,60,71.025629
-6243.89,60,71.126651
-6262.34,60,71.224674
-6316.73,60,71.324696
-6199.8,60,71.423718
-6241.84,60,71.52074
-6253.87,60,71.622763
-6152.41,60,71.720785
-6236.37,60,71.809806
-6169.17,60,71.912829
-6292.6,60,72.002848
-6186.67,60,72.111873
-6215.87,60,72.214896
-6231.7,60,72.31792
-6262.71,60,72.410941
-6262.51,60,72.516965
-6203.12,60,72.610986
-6261.04,60,72.713008
-6213.01,60,72.816032
-6371.21,60,72.912062
-6157.96,60,73.005075
-6168.33,60,73.107097
-6193.06,60,73.197118
-6219.95,60,73.290138
-6261.03,60,73.407165
-6232.4,60,73.501186
-6202.87,60,73.592206
-6195.34,60,73.676226
-6291.82,60,73.767246
-6211.3,60,73.858266
-6188.63,60,73.939285
-6235.25,60,74.040308
-6174.86,60,74.14033
-6283.47,60,74.229351
-6175.23,60,74.323372
-6290.05,60,74.422393
-6301.82,60,74.527417
-6213.66,60,74.632441
-6244.76,60,74.739465
-6158.86,60,74.840488
-6173.32,60,74.945512
-6217.16,60,75.048535
-6117.3,60,75.151558
-6200.61,60,75.24758
-6259.29,60,75.355604
-6223.5,60,75.439623
-6187.11,60,75.539645
-6249.27,60,75.634666
-6166.37,60,75.727688
-6182.03,60,75.821709
-6184.88,60,75.91573
-6144.37,60,76.00175
-6192.25,60,76.097771
-6246.66,60,76.185953
-6205.95,60,76.275811
-6115.3,60,76.36183
-6234.41,60,76.463854
-6178.57,60,76.562876
-6167.08,60,76.657897
-6201.19,60,76.753919
-6193.45,60,76.856942
-6211.35,60,76.948962
-6119.18,60,77.045985
-6103.39,60,77.136014
-6181.08,60,77.232027
-6117.7,60,77.331049
-6233.57,60,77.421069
-6211.49,60,77.51109
-6198.64,60,77.607111
-6150.9,60,77.697132
-6257.22,60,77.783151
-6129.9,60,77.874172
-6083.13,60,77.973194
-6132.49,60,78.070215
-6176.26,60,78.176248
-6083.0,60,78.275261
-6189.45,60,78.366282
-6170.05,60,78.460303
-6156.85,60,78.561326
-6201.43,60,78.656348
-6177.41,60,78.75837
-6154.35,60,78.844389
-6203.2,60,78.944413
-6144.89,60,79.039434
-6115.66,60,79.151459
-6140.98,60,79.24749
-6133.59,60,79.3335
-6106.19,60,79.431522
-6075.7,60,79.516541
-6136.18,60,79.619565
-6168.33,60,79.720596
-6099.46,60,79.82461
-6113.39,60,79.927634
-6155.27,60,80.025657
-6148.26,60,80.123678
-6088.81,60,80.2237
-6128.08,60,80.31072
-6138.01,60,80.405742
-6099.45,60,80.504764
-6132.5,60,80.600785
-6058.42,60,80.696807
-6176.7,60,80.801831
-6082.78,60,80.902853
-6105.57,60,81.000876
-6049.32,60,81.091897
-6147.72,60,81.183917
-6085.05,60,81.271937
-6101.73,60,81.364958
-6110.63,60,81.463979
-6015.44,60,81.552
-6099.42,60,81.64502
-6075.09,60,81.73104
-6146.26,60,81.830062
-6105.17,60,81.918083
-6097.28,60,82.014104
-6071.71,60,82.107125
-6062.43,60,82.203147
-6146.51,60,82.302168
-6043.21,60,82.39719
-6046.75,60,82.497213
-6061.47,60,82.588234
-6164.49,60,82.680254
-6092.31,60,82.778276
-6108.98,60,82.874297
-6144.05,60,82.976321
-6097.3,60,83.069341
-6122.68,60,83.172365
-6077.97,60,83.264385
-6126.74,60,83.370409
-6069.28,60,83.458429
-6067.0,60,83.553451
-6180.73,60,83.653473
-6136.62,60,83.756496
-6129.31,60,83.852518
-6139.69,60,83.938538
-6109.3,60,84.032559
-6102.22,60,84.124579
-6163.84,60,84.222601
-6146.65,60,84.316622
-6090.42,60,84.421646
-6165.56,60,84.517668
-6116.26,60,84.614689
-6132.82,60,84.70871
-6128.72,60,84.804733
-6021.99,60,84.897753
-6062.82,60,84.996776
-6176.54,60,85.097799
-6086.53,60,85.191819
-6187.82,60,85.28284
-6039.5,60,85.361858
-6105.96,60,85.454878
-6129.41,60,85.540898
-6122.29,60,85.630919
-6104.88,60,85.724939
-6136.19,60,85.820961
-6127.0,60,85.922984
-6137.44,60,86.027008
-6146.84,60,86.120029
-6145.97,60,86.215051
-6064.97,60,86.324075
-6117.85,60,86.414094
-6055.38,60,86.502115
-6116.86,60,86.599137
-6040.62,60,86.685157
-6122.14,60,86.786179
-6041.48,60,86.8822
-6127.62,60,86.988225
-6077.09,60,87.077244
-6098.46,60,87.172266
-6115.65,60,87.256285
-6154.38,60,87.343304
-6102.28,60,87.445328
-6087.25,60,87.54435
-6174.15,60,87.63337
-6183.68,60,87.739394
-6077.12,60,87.832415
-6081.32,60,87.942439
-6057.97,60,88.041461
-6049.16,60,88.12348
-6148.68,60,88.217502
-6117.59,60,88.307521
-6133.38,60,88.38654
-6195.65,60,88.485562
-6111.84,60,88.575581
-6117.77,60,88.666602
-6080.57,60,88.757623
-6151.0,60,88.855645
-6151.61,60,88.96567
-6122.31,60,89.05669
-6210.49,60,89.162714
-6107.03,60,89.254735
-6144.12,60,89.342755
-6111.23,60,89.441778
-6121.7,60,89.542803
-6227.74,60,89.644822
-6076.96,60,89.737845
-6150.5,60,89.842868
-6109.9,60,89.954894
-6085.73,60,90.041912
-6128.12,60,90.128932
-6120.25,60,90.225954
-6153.68,60,90.317975
-6141.05,60,90.411995
-6124.01,60,90.513019
-6095.4,60,90.607039
-6163.97,60,90.706062
-6112.71,60,90.803084
-6235.53,60,90.899114
-6088.02,60,90.998128
-6120.26,60,91.100151
-6126.13,60,91.211176
-6114.44,60,91.310197
-6206.21,60,91.397218
-6208.7,60,91.490239
-6166.64,60,91.58726
-6197.82,60,91.678281
-6196.3,60,91.773303
-6216.5,60,91.868324
-6110.58,60,91.958344
-6168.35,60,92.046364
-6156.53,60,92.142385
-6173.95,60,92.226404
-6135.03,60,92.318425
-6252.61,60,92.419448
-6159.26,60,92.532474
-6214.55,60,92.619493
-6265.32,60,92.714514
-6259.52,60,92.804534
-6225.5,60,92.896555
-6195.64,60,92.994578
-6197.18,60,93.085598
-6137.59,60,93.174617
-6282.17,60,93.267639
-6253.64,60,93.367661
-6303.55,60,93.460683
-6128.49,60,93.559705
-6238.98,60,93.663728
-6164.47,60,93.75775
-6225.43,60,93.858772
-6387.48,60,93.949792
-6392.75,60,94.045815
-6333.14,60,94.146847
-6310.76,60,94.234856
-6232.21,60,94.333878
-6433.53,60,94.4249
-6489.32,60,94.512919
-6391.15,60,94.599939
-6390.49,60,94.688959
-6355.87,60,94.779979
-6448.92,60,94.881002
-6469.49,60,94.983025
-6426.04,60,95.075046
-6514.42,60,95.165066
-6476.6,60,95.263088
-6612.14,60,95.350108
-6550.51,60,95.45013
-6417.53,60,95.552157
-6448.55,60,95.648175
-6545.48,60,95.748197
-6522.26,60,95.834217
-6662.4,60,95.929239
-6664.97,60,96.02526
-6474.27,60,96.121282
-6609.76,60,96.230307
-6561.93,60,96.326329
-6650.45,60,96.42235
-6564.85,60,96.518371
-6593.07,60,96.609391
-6658.6,60,96.714415
-6536.08,60,96.809436
-6622.39,60,96.917461
-6642.27,60,97.023485
-6630.01,60,97.116507
-6663.08,60,97.217529
-6652.07,60,97.320552
-6608.51,60,97.427576
-6620.53,60,97.517596
-6679.3,60,97.608617
-6652.81,60,97.706639
-6654.95,60,97.807662
-6626.28,60,97.896682
-6709.6,60,97.993703
-6681.63,60,98.078722
-6691.45,60,98.172744
-6615.51,60,98.274767
-6593.52,60,98.366296
-6656.05,60,98.454315
-6657.99,60,98.550338
-6638.27,60,98.640357
-6554.07,60,98.727335
-6647.93,60,98.817357
-6657.56,60,98.920234
-6565.91,60,99.017225
-6628.06,60,99.112237
-6712.55,60,99.214148
-6553.2,60,99.311169
-6652.38,60,99.411192
-6670.19,60,99.505214
-6591.72,60,99.601235
-6589.08,60,99.696256
-6621.52,60,99.785518
-6711.27,60,99.881324
-6540.88,60,99.992348
-6658.19,60,100.08637
-6650.62,60,100.180391
-6679.71,60,100.276413
-6639.68,60,100.369435
-6708.15,60,100.467456
-6628.04,60,100.562478
-6629.2,60,100.666501
-6622.04,60,100.761522
-6669.39,60,100.863545
-6618.55,60,100.951565
-6563.81,60,101.045586
-6657.02,60,101.14961
-6659.51,60,101.24363
-6663.06,60,101.33065
-6743.61,60,101.434674
-6637.43,60,101.521694
-6650.79,60,101.615714
-6619.76,60,101.725739
-6669.58,60,101.831763
-6510.62,60,101.940788
-6675.03,60,102.045811
-6660.93,60,102.137833
-6707.33,60,102.223851
-6621.83,60,102.316872
-6665.53,60,102.428897
-6600.28,60,102.52492
-6674.4,60,102.618941
-6654.68,60,102.713961
-6635.51,60,102.805982
-6686.2,60,102.906005
-6649.13,60,103.008028
-6713.06,60,103.102049
-6615.31,60,103.191069
-6556.28,60,103.293092
-6666.63,60,103.391115
-6641.41,60,103.48514
-6735.45,60,103.576133
-6627.29,60,103.668154
-6641.89,60,103.768176
-6632.97,60,103.856196
-6702.31,60,103.952232
-6625.62,60,104.062258
-6651.92,60,104.160283
-6683.77,60,104.265202
-6670.85,60,104.357223
-6673.51,60,104.444242
-6740.15,60,104.541264
-6688.2,60,104.64655
-6706.43,60,104.74157
-6687.41,60,104.845595
-6557.29,60,104.945607
-6574.84,60,105.043797
-6686.9,60,105.136629
-6774.16,60,105.227793
-6664.12,60,105.333817
-6746.64,60,105.430025
-6678.37,60,105.526047
-6730.72,60,105.622068
-6641.65,60,105.71909
-6739.52,60,105.812112
-6655.18,60,105.900141
-6704.18,60,105.992151
-6741.7,60,106.094174
-6696.32,60,106.194198
-6686.01,60,106.281217
-6711.17,60,106.384241
-6688.27,60,106.477261
-6635.08,60,106.569282
-6614.35,60,106.681308
-6664.1,60,106.776328
-6655.65,60,106.897356
-6728.08,60,107.008381
-6718.32,60,107.111404
-6624.25,60,107.204425
-6724.79,60,107.301447
-6718.68,60,107.399469
-6666.91,60,107.483488
-6680.35,60,107.57951
-6716.42,60,107.671531
-6687.52,60,107.767552
-6710.99,60,107.84857
-6683.53,60,107.945601
-6731.56,60,108.050616
-6629.42,60,108.143637
-6635.69,60,108.239659
-6680.01,60,108.326678
-6585.05,60,108.420699
-6644.17,60,108.507728
-6700.57,60,108.604741
-6604.46,60,108.695762
-6676.2,60,108.788782
-6690.88,60,108.882803
-6598.31,60,108.986827
-6613.92,60,109.073846
-6684.28,60,109.170868
-6636.46,60,109.277892
-6661.81,60,109.374916
-6700.74,60,109.463934
-6483.14,60,109.562957
-6667.27,60,109.659979
-6644.29,60,109.756
-6655.25,60,109.84702
-6627.86,60,109.954044
-6723.83,60,110.036063
-6566.53,60,110.145089
-6550.64,60,110.24411
-6676.35,60,110.343132
-6742.07,60,110.435153
-6566.34,60,110.528174
-6629.47,60,110.619194
-6667.21,60,110.719218
-6590.0,60,110.823241
-6564.06,60,110.907259
-6620.16,60,111.00028
-6656.23,60,111.0903
-6568.74,60,111.181321
-6566.56,60,111.277343
-6670.04,60,111.364362
-6605.32,60,111.468385
-6656.51,60,111.563406
-6680.61,60,111.66443
-6558.67,60,111.763452
-6693.57,60,111.860475
-6606.23,60,111.949494
-6671.69,60,112.052518
-6640.07,60,112.154541
-6690.69,60,112.250562
-6626.78,60,112.340591
-6690.69,60,112.444606
-6690.44,60,112.537627
-6684.27,60,112.626647
-6631.51,60,112.726668
-6588.63,60,112.828692
-6583.29,60,112.919713
-6618.93,60,113.005732
-6601.24,60,113.096753
-6556.48,60,113.193774
-6580.81,60,113.286795
-6639.54,60,113.387818
-6560.73,60,113.472837
-6670.44,60,113.566859
-6601.79,60,113.672882
-6512.84,60,113.758901
-6634.51,60,113.858924
-6610.89,60,113.950945
-6595.38,60,114.046976
-6618.26,60,114.138988
-6601.43,60,114.232009
-6571.9,60,114.322028
-6639.41,60,114.415049
-6620.95,60,114.520079
-6674.68,60,114.613095
-6582.35,60,114.720118
-6629.14,60,114.814139
-6588.34,60,114.923164
-6580.14,60,115.007192
-6542.63,60,115.119208
-6589.04,60,115.227233
-6617.34,60,115.320253
-6484.73,60,115.423276
-6558.48,60,115.5223
-6533.51,60,115.609318
-6607.42,60,115.705341
-6540.55,60,115.801362
-6580.91,60,115.895383
-6589.89,60,115.999406
-6640.21,60,116.089427
-6570.44,60,116.183457
-6616.3,60,116.282479
-6589.72,60,116.367491
-6563.31,60,116.449507
-6641.91,60,116.558542
-6621.11,60,116.660556
-6576.05,60,116.747575
-6592.9,60,116.840596
-6595.06,60,116.931617
-6653.89,60,117.019637
-6590.58,60,117.116658
-6512.85,60,117.197677
-6584.29,60,117.299699
-6530.54,60,117.399722
-6551.73,60,117.496744
-6589.3,60,117.594766
-6615.51,60,117.683785
-6586.18,60,117.783808
-6592.04,60,117.870828
-6509.38,60,117.964849
-6436.31,60,118.056871
-6564.59,60,118.155893
-6604.97,60,118.254915
-6514.97,60,118.345935
-6629.57,60,118.436955
-6678.62,60,118.536979
-6527.06,60,118.627999
-6557.2,60,118.726021
-6634.31,60,118.81304
-6512.32,60,118.910061
-6488.64,60,119.004083
-6541.89,60,119.096104
-6592.25,60,119.193126
-6570.47,60,119.279146
-6592.96,60,119.373166
-6495.74,60,119.468188
-6610.11,60,119.574211
-6638.37,60,119.678235
-6518.62,60,119.771256
-6565.76,60,119.857276
-6476.94,60,119.957299
-6596.19,60,120.054319
-6472.48,60,120.145341
-6543.38,60,120.23436
-6522.53,60,120.332382
-6552.69,60,120.431404
-6539.28,60,120.521425
-6601.74,60,120.624449
-6575.53,60,120.725471
-6595.22,60,120.831495
-6502.33,60,120.923515
-6553.54,60,121.018537
-6553.52,60,121.112558
-6600.59,60,121.210581
-6539.07,60,121.3006
-6524.8,60,121.396622
-6484.1,60,121.488642
-6536.34,60,121.585665
-6537.76,60,121.683687
-6499.54,60,121.770706
-6567.32,60,121.860727
-6562.64,60,121.955748
-6618.02,60,122.046769
-6580.7,60,122.147792
-6487.8,60,122.241813
-6561.29,60,122.341835
-6553.9,60,122.439857
-6611.09,60,122.527878
-6573.84,60,122.618898
-6539.18,60,122.715919
-6517.75,60,122.810941
-6606.95,60,122.909963
-6537.56,60,123.008986
-6582.95,60,123.108008
-6607.27,60,123.203029
-6541.91,60,123.306052
-6533.09,60,123.402074
-6519.47,60,123.501096
-6588.24,60,123.593117
-6481.74,60,123.683138
-6596.35,60,123.78416
-6630.09,60,123.887183
-6508.32,60,123.978203
-6677.44,60,124.074226
-6563.55,60,124.166255
-6561.97,60,124.26827
-6646.55,60,124.369292
-6505.39,60,124.481317
-6559.87,60,124.58334
-6488.93,60,124.67036
-6554.16,60,124.774383
-6561.13,60,124.870405
-6587.24,60,124.962426
-6525.28,60,125.056447
-6549.91,60,125.153469
-6450.86,60,125.245489
-6588.65,60,125.329509
-6542.03,60,125.431531
-6564.86,60,125.528553
-6507.5,60,125.626575
-6587.08,60,125.733599
-6580.14,60,125.834622
-6636.04,60,125.931643
-6590.27,60,126.033676
-6522.29,60,126.129689
-6529.9,60,126.234712
-6469.45,60,126.341736
-6578.07,60,126.429755
-6643.75,60,126.522777
-6394.85,60,126.611797
-6548.67,60,126.70982
-6422.7,60,126.814843
-6472.99,60,126.913865
-6544.9,60,127.012888
-6509.86,60,127.117911
-6460.69,60,127.20193
-6512.99,60,127.313956
-6494.32,60,127.41998
-6481.7,60,127.515001
-6468.63,60,127.606021
-6472.47,60,127.697051
-6501.88,60,127.799065
-6537.51,60,127.895087
-6475.08,60,127.987108
-6360.32,60,128.09113
-6535.53,60,128.17715
-6627.8,60,128.275172
-6505.4,60,128.373194
-6497.23,60,128.463214
-6570.12,60,128.566237
-6510.64,60,128.66626
-6569.69,60,128.766282
-6516.2,60,128.862304
-6581.78,60,128.972329
-6459.0,60,129.07036
-6476.1,60,129.165372
-6545.95,60,129.249392
-6447.32,60,129.346413
-6493.2,60,129.439433
-6484.82,60,129.535456
-6510.04,60,129.618474
-6553.32,60,129.697492
-6519.17,60,129.789513
-6534.06,60,129.890535
-6497.6,60,129.979565
-6449.13,60,130.074577
-6470.99,60,130.166598
-6510.5,60,130.262619
-6393.27,60,130.349639
-6469.66,60,130.44466
-6480.53,60,130.535682
-6472.4,60,130.625702
-6407.23,60,130.716722
-6488.16,60,130.809742
-6476.66,60,130.912766
-6510.99,60,131.004786
-6443.15,60,131.102809
-6578.9,60,131.204837
-6496.79,60,131.297853
-6512.34,60,131.395875
-6581.64,60,131.494897
-6484.04,60,131.585918
-6383.55,60,131.68594
-6524.62,60,131.782962
-6475.98,60,131.867981
-6473.19,60,131.953
-6489.04,60,132.048021
-6473.98,60,132.143043
-6443.29,60,132.228062
-6497.6,60,132.318091
-6400.15,60,132.405103
-6431.2,60,132.506125
-6503.56,60,132.612148
-6471.44,60,132.713172
-6474.07,60,132.791189
-6516.56,60,132.88721
-6551.02,60,132.984235
-6435.63,60,133.093257
-6516.76,60,133.191278
-6578.86,60,133.280299
-6502.78,60,133.37332
-6502.0,60,133.468342
-6523.23,60,133.557361
-6430.84,60,133.656384
-6369.15,60,133.750405
-6464.77,60,133.848428
-6450.14,60,133.940447
-6443.37,60,134.032469
-6479.57,60,134.123489
-6466.86,60,134.207508
-6443.93,60,134.30453
-6491.4,60,134.401551
-6545.53,60,134.494573
-6457.49,60,134.587594
-6460.4,60,134.678614
-6375.61,60,134.771636
-6460.87,60,134.860163
-6531.81,60,134.961528
-6493.88,60,135.052549
-6537.35,60,135.142793
-6481.4,60,135.235618
-6475.97,60,135.335282
-6500.51,60,135.424301
-6491.94,60,135.524324
-6512.19,60,135.614344
-6362.72,60,135.714367
-6436.0,60,135.794385
-6427.18,60,135.886405
-6499.77,60,135.975425
-6464.48,60,136.060445
-6432.51,60,136.157466
-6462.82,60,136.254489
-6436.56,60,136.343509
-6477.56,60,136.43953
-6511.59,60,136.547556
-6373.68,60,136.640575
-6400.46,60,136.739598
-6434.82,60,136.843622
-6413.69,60,136.928641
-6509.3,60,137.01866
-6429.08,60,137.111682
-6406.05,60,137.202702
-6413.34,60,137.291722
-6409.82,60,137.379742
-6431.98,60,137.468763
-6468.36,60,137.559783
-6382.35,60,137.656805
-6450.14,60,137.749825
-6483.72,60,137.850848
-6433.67,60,137.953871
-6499.65,60,138.053895
-6493.09,60,138.143914
-6503.27,60,138.233935
-6464.19,60,138.326956
-6477.06,60,138.424978
-6470.64,60,138.521
-6540.02,60,138.61202
-6454.47,60,138.703041
-6410.79,60,138.801063
-6507.38,60,138.889082
-6425.43,60,138.978102
-6437.53,60,139.073128
-6506.8,60,139.161416
-6424.68,60,139.252513
-6546.52,60,139.349534
-6523.08,60,139.451557
-6344.22,60,139.533452
-6423.09,60,139.629751
-6430.46,60,139.721771
-6355.98,60,139.813792
-6492.03,60,139.907805
-6440.09,60,140.017808
-6447.98,60,140.11183
-6458.75,60,140.208746
-6469.52,60,140.310769
-6493.46,60,140.399802
-6452.89,60,140.499812
-6445.83,60,140.597801
-6421.85,60,140.697833
-6466.11,60,140.791845
-6525.09,60,140.882798
-6453.64,60,140.976798
-6459.42,60,141.07582
-6469.44,60,141.177844
-6431.16,60,141.267797
-6505.94,60,141.367057
-6426.31,60,141.461071
-6524.82,60,141.550098
-6441.22,60,141.64011
-6396.56,60,141.734131
-6441.81,60,141.828152
-6464.96,60,141.946179
-6464.57,60,142.049202
-6452.66,60,142.137314
-6476.86,60,142.221241
-6449.75,60,142.324265
-6459.31,60,142.424286
-6443.63,60,142.519308
-6462.18,60,142.613328
-6412.76,60,142.714354
-6456.7,60,142.811375
-6473.56,60,142.899393
-6455.37,60,142.997416
-6426.14,60,143.082435
-6479.66,60,143.174455
-6436.02,60,143.264476
-6421.96,60,143.361497
-6503.98,60,143.463521
-6474.15,60,143.554541
-6428.05,60,143.647562
-6522.41,60,143.737583
-6414.93,60,143.826603
-6444.11,60,143.937659
-6518.58,60,144.036649
-6479.28,60,144.138673
-6445.73,60,144.235694
-6468.74,60,144.340718
-6458.98,60,144.439741
-6540.3,60,144.528768
-6483.96,60,144.620781
-6422.52,60,144.707801
-6437.7,60,144.814825
-6432.75,60,144.919848
-6467.77,60,145.01687
-6456.04,60,145.111891
-6443.47,60,145.215915
-6466.32,60,145.310936
-6460.17,60,145.414961
-6464.26,60,145.517984
-6489.75,60,145.606003
-6463.89,60,145.700024
-6384.63,60,145.799047
-6515.74,60,145.902069
-6490.4,60,145.997091
-6492.5,60,146.094113
-6472.1,60,146.187134
-6500.58,60,146.291157
-6511.24,60,146.367175
-6425.42,60,146.458194
-6544.37,60,146.553216
-6495.78,60,146.651238
-6453.37,60,146.744259
-6503.4,60,146.841281
-6494.32,60,146.9213
-6430.81,60,147.01532
-6500.09,60,147.110342
-6407.17,60,147.207364
-6473.37,60,147.304385
-6500.23,60,147.406409
-6510.67,60,147.49943
-6483.82,60,147.594451
-6455.53,60,147.688473
-6538.87,60,147.780493
-6530.78,60,147.882516
-6450.94,60,147.977537
-6509.36,60,148.081561
-6476.74,60,148.175583
-6467.19,60,148.281606
-6509.66,60,148.375628
-6466.14,60,148.462646
-6541.6,60,148.561669
-6572.13,60,148.662693
-6527.41,60,148.770716
-6551.53,60,148.869738
-6549.95,60,148.961759
-6524.0,60,149.05778
-6536.05,60,149.156802
-6468.96,60,149.245823
-6475.38,60,149.343847
-6478.34,60,149.435866
-6474.34,60,149.537889
-6487.75,60,149.636911
-6528.23,60,149.738934
-6476.5,60,149.832955
-6474.74,60,149.927977
-6514.03,60,150.034001
-6553.89,60,150.154027
-6442.01,60,150.246048
-6523.4,60,150.34007
-6494.86,60,150.439091
-6513.95,60,150.543115
-6489.62,60,150.648138
-6472.48,60,150.74116
-6526.73,60,150.840183
-6524.79,60,150.925202
-6568.43,60,151.007219
-6544.66,60,151.109243
-6493.57,60,151.196263
-6504.48,60,151.294284
-6535.43,60,151.40831
-6471.34,60,151.508333
-6503.79,60,151.600353
-6528.74,60,151.694374
-6573.38,60,151.783395
-6552.04,60,151.875415
-6478.18,60,151.964435
-6482.28,60,152.051455
-6445.26,60,152.149477
-6548.66,60,152.244498
-6485.43,60,152.331519
-6508.92,60,152.42854
-6510.62,60,152.522561
-6500.54,60,152.618583
-6453.84,60,152.725607
-6535.49,60,152.814626
-6533.67,60,152.908648
-6499.04,60,152.994668
-6477.28,60,153.106694
-6538.27,60,153.207715
-6546.67,60,153.301736
-6530.48,60,153.396758
-6570.58,60,153.489779
-6548.78,60,153.597803
-6436.43,60,153.696826
-6506.08,60,153.792846
-6527.4,60,153.896872
-6515.62,60,153.998894
-6518.8,60,154.084913
-6572.09,60,154.183935
-6542.57,60,154.279957
-6534.21,60,154.365977
-6509.23,60,154.454997
-6549.91,60,154.554018
-6558.37,60,154.64404
-6542.75,60,154.731058
-6523.68,60,154.812077
-6619.48,60,154.9171
-6480.13,60,155.00712
-6479.92,60,155.09414
-6538.18,60,155.196163
-6571.78,60,155.291194
-6507.58,60,155.379205
-6521.2,60,155.478226
-6546.96,60,155.58125
-6475.22,60,155.66927
-6630.59,60,155.779295
-6579.54,60,155.878317
-6588.69,60,155.97534
-6527.0,60,156.06836
-6631.7,60,156.163381
-6503.17,60,156.259403
-6492.43,60,156.371428
-6566.47,60,156.459447
-6540.59,60,156.560471
-6552.44,60,156.663494
-6526.59,60,156.752514
-6504.47,60,156.858537
-6515.63,60,156.965562
-6524.12,60,157.064584
-6642.05,60,157.170608
-6597.41,60,157.257628
-6569.05,60,157.346647
-6545.06,60,157.453672
-6479.87,60,157.542692
-6521.38,60,157.640714
-6472.52,60,157.742737
-6506.39,60,157.839759
-6550.03,60,157.943782
-6545.68,60,158.037804
-6530.05,60,158.149828
-6531.05,60,158.245851
-6510.39,60,158.346873
-6581.09,60,158.437894
-6570.72,60,158.536915
-6520.12,60,158.631937
-6589.41,60,158.73296
-6570.49,60,158.827981
-6541.35,60,158.912001
-6520.46,60,159.007021
-6588.95,60,159.101043
-6628.71,60,159.184061
-6551.07,60,159.284084
-6539.71,60,159.378114
-6505.35,60,159.480128
-6494.52,60,159.568148
-6562.04,60,159.663169
-6474.51,60,159.759192
-6556.07,60,159.855212
-6547.58,60,159.949234
-6502.92,60,160.049257
-6544.6,60,160.136277
-6521.0,60,160.224296
-6549.56,60,160.314316
-6656.06,60,160.415339
-6421.74,60,160.503359
-6568.83,60,160.591379
-6543.11,60,160.6854
-6622.28,60,160.783422
-6536.62,60,160.886445
-6458.39,60,160.979466
-6570.67,60,161.074495
-6561.49,60,161.17751
-6558.07,60,161.277533
-6607.25,60,161.372555
-6501.58,60,161.467576
-6479.67,60,161.570599
-6540.3,60,161.670622
-6490.15,60,161.760643
-6561.18,60,161.860666
-6484.55,60,161.949685
-6445.09,60,162.053717
-6486.54,60,162.15273
-6455.17,60,162.245751
-6566.92,60,162.346774
-6447.88,60,162.437795
-6539.77,60,162.531816
-6504.23,60,162.625846
